build,row,result,instructions,cycles
next,wasm-call,1000000,393921683,129330835
next,host-call,1000000,600908654,165502263
next,xmrsplayer,1741175410,110424207,30545960
next,graphql_as,5,80640906,24160366
next,mm_single,902712413,56634656,14540413
next,fib,832040,859347030,234037275
next,call_indirect,-9175573,146511951,52456465
next,vtable_poly4,-126115384,313276779,94625743
next,tailcall_fsm,-1841735369,41976864,11630812
next+cheaper-calls,wasm-call,1000000,312554193,100822093
next+cheaper-calls,host-call,1000000,604985706,166460170
next+cheaper-calls,xmrsplayer,1741175410,107688459,29829449
next+cheaper-calls,graphql_as,5,78203131,23359809
next+cheaper-calls,mm_single,902712413,56305431,14175444
next+cheaper-calls,fib,832040,820956147,227491751
next+cheaper-calls,call_indirect,-9175573,133516550,47045336
next+cheaper-calls,vtable_poly4,-126115384,286556582,82757553
next+cheaper-calls,tailcall_fsm,-1841735369,38262029,10201334
next+64+72,wasm-call,1000000,425851008,134491995
next+64+72,host-call,1000000,599803907,157262088
next+64+72,xmrsplayer,1741175410,104067553,27738319
next+64+72,graphql_as,5,75816899,21656417
next+64+72,mm_single,902712413,51619653,12101831
next+64+72,fib,832040,826479295,204881172
next+64+72,call_indirect,-9175573,146565166,48852881
next+64+72,vtable_poly4,-126115384,314752286,89387599
next+64+72,tailcall_fsm,-1841735369,41276709,10949754
next+64+72+cheaper-calls+chain,wasm-call,1000000,315428945,103895335
next+64+72+cheaper-calls+chain,host-call,1000000,603767695,160796073
next+64+72+cheaper-calls+chain,xmrsplayer,1741175410,100125350,26196310
next+64+72+cheaper-calls+chain,graphql_as,5,72362882,20567321
next+64+72+cheaper-calls+chain,mm_single,902712413,51825005,12393049
next+64+72+cheaper-calls+chain,fib,832040,781261572,197556772
next+64+72+cheaper-calls+chain,call_indirect,-9175573,127252551,43025514
next+64+72+cheaper-calls+chain,vtable_poly4,-126115384,275957749,78061989
next+64+72+cheaper-calls+chain,tailcall_fsm,-1841735369,36794294,9081796
next,wasm-call,1000000,395776657,131961386
next,host-call,1000000,601135407,165794266
next,xmrsplayer,1741175410,110835930,30852470
next,graphql_as,5,81017270,24663137
next,mm_single,902712413,56431275,14444417
next,fib,832040,860257647,236338307
next,call_indirect,-9175573,146598563,52557955
next,vtable_poly4,-126115384,313278202,94575045
next,tailcall_fsm,-1841735369,42118134,11751518
next+cheaper-calls,wasm-call,1000000,313008290,101478296
next+cheaper-calls,host-call,1000000,607048625,169219216
next+cheaper-calls,xmrsplayer,1741175410,107923426,30157441
next+cheaper-calls,graphql_as,5,78352616,23734548
next+cheaper-calls,mm_single,902712413,56419344,14448694
next+cheaper-calls,fib,832040,823211928,232262545
next+cheaper-calls,call_indirect,-9175573,133129037,46846439
next+cheaper-calls,vtable_poly4,-126115384,287161768,82498142
next+cheaper-calls,tailcall_fsm,-1841735369,38257990,10130227
next+64+72,wasm-call,1000000,426739642,135044290
next+64+72,host-call,1000000,602331031,159627708
next+64+72,xmrsplayer,1741175410,104078033,27700708
next+64+72,graphql_as,5,75681664,21322895
next+64+72,mm_single,902712413,51701580,12143194
next+64+72,fib,832040,830841499,210541176
next+64+72,call_indirect,-9175573,147084369,49163665
next+64+72,vtable_poly4,-126115384,314638477,89488386
next+64+72,tailcall_fsm,-1841735369,41244184,10859452
next+64+72+cheaper-calls+chain,wasm-call,1000000,313613142,95021542
next+64+72+cheaper-calls+chain,host-call,1000000,605448884,160956904
next+64+72+cheaper-calls+chain,xmrsplayer,1741175410,100392276,26792142
next+64+72+cheaper-calls+chain,graphql_as,5,72155778,20068538
next+64+72+cheaper-calls+chain,mm_single,902712413,51714536,12224250
next+64+72+cheaper-calls+chain,fib,832040,781998683,198151770
next+64+72+cheaper-calls+chain,call_indirect,-9175573,127543243,42031650
next+64+72+cheaper-calls+chain,vtable_poly4,-126115384,276808651,79082443
next+64+72+cheaper-calls+chain,tailcall_fsm,-1841735369,36828915,9181893
next,wasm-call,1000000,394405902,130190789
next,host-call,1000000,599845616,163093233
next,xmrsplayer,1741175410,110636877,31015734
next,graphql_as,5,80858992,24207925
next,mm_single,902712413,56326235,14333387
next,fib,832040,863354310,238398056
next,call_indirect,-9175573,147097444,53771672
next,vtable_poly4,-126115384,313028146,94351440
next,tailcall_fsm,-1841735369,41998589,11771968
next+cheaper-calls,wasm-call,1000000,312546777,100279261
next+cheaper-calls,host-call,1000000,605721162,167850652
next+cheaper-calls,xmrsplayer,1741175410,107739696,30115096
next+cheaper-calls,graphql_as,5,78201306,23270412
next+cheaper-calls,mm_single,902712413,56331305,14230427
next+cheaper-calls,fib,832040,820263385,226643825
next+cheaper-calls,call_indirect,-9175573,133435064,46853324
next+cheaper-calls,vtable_poly4,-126115384,286478213,82639987
next+cheaper-calls,tailcall_fsm,-1841735369,38250397,10130261
next+64+72,wasm-call,1000000,426578609,135276180
next+64+72,host-call,1000000,602662435,161040147
next+64+72,xmrsplayer,1741175410,104103590,27744218
next+64+72,graphql_as,5,75814876,21285149
next+64+72,mm_single,902712413,51752598,12245842
next+64+72,fib,832040,829481961,208079906
next+64+72,call_indirect,-9175573,146998518,49221409
next+64+72,vtable_poly4,-126115384,314776972,90780037
next+64+72,tailcall_fsm,-1841735369,41318519,11105372
next+64+72+cheaper-calls+chain,wasm-call,1000000,314158047,102832971
next+64+72+cheaper-calls+chain,host-call,1000000,603672654,159955168
next+64+72+cheaper-calls+chain,xmrsplayer,1741175410,100218896,26547262
next+64+72+cheaper-calls+chain,graphql_as,5,72302119,20660953
next+64+72+cheaper-calls+chain,mm_single,902712413,51705102,12293480
next+64+72+cheaper-calls+chain,fib,832040,781618902,197364080
next+64+72+cheaper-calls+chain,call_indirect,-9175573,127201008,44047556
next+64+72+cheaper-calls+chain,vtable_poly4,-126115384,276082988,78927363
next+64+72+cheaper-calls+chain,tailcall_fsm,-1841735369,36740916,9064368
