rep,variant,case,result,iterations,cycles_per_call,instructions_per_call,wall_ms_median,cpu_ms_per_call,e_share
1,sub,"EH parser, exnref (4096 stmts, 25% throw)",830008030,83,44256315.469879515,116731040.56626506,23.993,24.075301204819276,0.993
2,sub,"EH parser, exnref (4096 stmts, 25% throw)",830008030,82,44871653.20731708,116760130.3902439,24.341,24.410853658536585,0.993
3,sub,"EH parser, exnref (4096 stmts, 25% throw)",830008030,83,44310900.6626506,116737635.61445783,23.988,24.110120481927712,0.993
4,sub,"EH parser, exnref (4096 stmts, 25% throw)",830008030,84,44343945.78571428,116719409.21428572,24.052,24.128333333333334,0.993
5,sub,"EH parser, exnref (4096 stmts, 25% throw)",830008030,83,44168653.192771085,116730440.60240965,23.94,24.02879518072289,0.993
1,stack,"EH parser, exnref (4096 stmts, 25% throw)",830008030,111,32569143.25225225,93971638.88288288,17.588,17.683063063063063,0.993
2,stack,"EH parser, exnref (4096 stmts, 25% throw)",830008030,111,32905167.666666668,93965127.45045045,17.766,17.86837837837838,0.992
3,stack,"EH parser, exnref (4096 stmts, 25% throw)",830008030,111,32942764.576576576,93954890.7027027,17.851,17.92108108108108,0.993
4,stack,"EH parser, exnref (4096 stmts, 25% throw)",830008030,111,32540753.72972973,93956080.43243243,17.627,17.703783783783784,0.993
5,stack,"EH parser, exnref (4096 stmts, 25% throw)",830008030,111,32610855.414414413,93961948.2972973,17.656,17.72747747747748,0.993
1,sub,GC binary trees (~130K struct.new),-81253392,13,276717432.15384614,615591991.7692307,150.36,148.3276923076923,0.993
2,sub,GC binary trees (~130K struct.new),-81253392,13,275196220.53846157,615481936.3846154,149.644,147.70615384615385,0.993
3,sub,GC binary trees (~130K struct.new),-81253392,13,276503194.0769231,615394448.4615384,150.353,148.30461538461537,0.993
4,sub,GC binary trees (~130K struct.new),-81253392,13,275516455.53846157,615736329.0769231,149.712,147.6846153846154,0.993
5,sub,GC binary trees (~130K struct.new),-81253392,13,276745052.2307692,615522421.4615384,150.445,148.39076923076922,0.993
1,stack,GC binary trees (~130K struct.new),-81253392,13,280024503.46153843,606023208.4615384,152.221,150.18923076923076,0.993
2,stack,GC binary trees (~130K struct.new),-81253392,13,273793441.61538464,606044638.6153846,148.763,146.85846153846154,0.993
3,stack,GC binary trees (~130K struct.new),-81253392,13,274071121.0,606159835.2307693,149.098,146.91384615384615,0.993
4,stack,GC binary trees (~130K struct.new),-81253392,13,274529825.3076923,606069501.0,149.222,147.29153846153847,0.993
5,stack,GC binary trees (~130K struct.new),-81253392,13,275325140.9230769,606219716.2307693,149.458,147.51846153846154,0.993
1,sub,audio DSP (1000 frames × 512),761667740,1,2651598919.0,8831444891.0,1457.073,1440.95,1.0
2,sub,audio DSP (1000 frames × 512),761667740,1,2652477228.0,8831680942.0,1457.418,1437.38,1.0
3,sub,audio DSP (1000 frames × 512),761667740,1,2654638483.0,8831546998.0,1456.912,1449.8,1.0
4,sub,audio DSP (1000 frames × 512),761667740,1,2654672787.0,8831979053.0,1458.008,1435.48,1.0
5,sub,audio DSP (1000 frames × 512),761667740,1,2651829826.0,8831863619.0,1458.426,1438.68,1.0
1,stack,audio DSP (1000 frames × 512),761667740,1,2656650611.0,8833746442.0,1464.28,1430.6,1.0
2,stack,audio DSP (1000 frames × 512),761667740,1,2657469817.0,8832419372.0,1461.07,1450.24,1.0
3,stack,audio DSP (1000 frames × 512),761667740,1,2650222233.0,8831602253.0,1454.912,1447.79,1.0
4,stack,audio DSP (1000 frames × 512),761667740,1,2653787973.0,8831709140.0,1458.107,1439.47,1.0
5,stack,audio DSP (1000 frames × 512),761667740,1,2698594711.0,8831811197.0,1482.472,1470.05,1.0
1,sub,bulk_memory (memory.copy/fill) [scalar build],8698902,141,26003456.25531915,92094747.82978724,14.095,14.148368794326242,0.993
2,sub,bulk_memory (memory.copy/fill) [scalar build],8698902,141,25993450.0,92094644.32624114,14.084,14.146808510638298,0.993
3,sub,bulk_memory (memory.copy/fill) [scalar build],8698902,141,25973806.609929077,92096461.78723404,14.066,14.138652482269503,0.993
4,sub,bulk_memory (memory.copy/fill) [scalar build],8698902,141,25988042.588652484,92094159.34751773,14.083,14.14531914893617,0.993
5,sub,bulk_memory (memory.copy/fill) [scalar build],8698902,141,25952890.75177305,92088217.07801418,14.076,14.126099290780141,0.993
1,stack,bulk_memory (memory.copy/fill) [scalar build],8698902,137,26442762.06569343,92114641.729927,14.379,14.394087591240876,0.993
2,stack,bulk_memory (memory.copy/fill) [scalar build],8698902,140,26396468.921428572,92094700.07857142,14.321,14.369928571428572,0.993
3,stack,bulk_memory (memory.copy/fill) [scalar build],8698902,138,26479569.18115942,92115391.80434783,14.377,14.409710144927535,0.993
4,stack,bulk_memory (memory.copy/fill) [scalar build],8698902,137,26401227.10948905,92119277.02189781,14.346,14.371240875912408,0.993
5,stack,bulk_memory (memory.copy/fill) [scalar build],8698902,140,26378847.10714286,92096101.07142857,14.319,14.359857142857143,0.993
1,sub,call_indirect (200K dispatches),-9175573,61,60496637.96721312,153530954.80327868,32.765,32.89983606557377,0.993
2,sub,call_indirect (200K dispatches),-9175573,60,60086706.833333336,153552919.56666666,32.577,32.71816666666667,0.993
3,sub,call_indirect (200K dispatches),-9175573,61,60378685.016393445,153527172.90163934,32.733,32.862950819672136,0.993
4,sub,call_indirect (200K dispatches),-9175573,61,60437886.67213115,153520977.3442623,32.77,32.907377049180326,0.993
5,sub,call_indirect (200K dispatches),-9175573,61,60244292.836065575,153528540.90163934,32.638,32.75327868852459,0.993
1,stack,call_indirect (200K dispatches),-9175573,72,50298825.208333336,133192214.25,27.269,27.385555555555555,0.993
2,stack,call_indirect (200K dispatches),-9175573,69,52091112.347826086,133274384.50724638,28.171,28.327246376811594,0.991
3,stack,call_indirect (200K dispatches),-9175573,71,50979177.3943662,133216887.64788732,27.639,27.75943661971831,0.992
4,stack,call_indirect (200K dispatches),-9175573,70,52052907.64285714,133245354.31428571,28.232,28.33685714285714,0.993
5,stack,call_indirect (200K dispatches),-9175573,73,50291434.84931507,133165540.64383562,27.273,27.383972602739725,0.993
1,sub,call_ref twin: call_indirect (200K),-750120562,69,53496580.333333336,139295024.89855072,29.013,29.120434782608694,0.993
2,sub,call_ref twin: call_indirect (200K),-750120562,69,53444232.97101449,139303401.60869566,28.982,29.094927536231882,0.993
3,sub,call_ref twin: call_indirect (200K),-750120562,68,53424347.044117644,139327285.57352942,28.973,29.08279411764706,0.993
4,sub,call_ref twin: call_indirect (200K),-750120562,68,53575405.705882356,139339847.25,29.026,29.136176470588236,0.993
5,sub,call_ref twin: call_indirect (200K),-750120562,69,53508033.30434783,139300397.26086956,29.01,29.128840579710147,0.993
1,stack,call_ref twin: call_indirect (200K),-750120562,83,43919679.95180723,118980770.85542169,23.821,23.897951807228914,0.993
2,stack,call_ref twin: call_indirect (200K),-750120562,82,44477804.13414634,119001946.07317074,24.119,24.211463414634146,0.993
3,stack,call_ref twin: call_indirect (200K),-750120562,84,43853828.571428575,118963660.92857143,23.782,23.87309523809524,0.993
4,stack,call_ref twin: call_indirect (200K),-750120562,82,44459191.6097561,118999617.23170732,24.107,24.19890243902439,0.993
5,stack,call_ref twin: call_indirect (200K),-750120562,84,43791223.75,118961358.63095239,23.749,23.840833333333336,0.993
1,sub,convolution 256×256 [scalar build],8190685,105,34472844.47619048,113373957.78095238,18.696,18.764285714285716,0.993
2,sub,convolution 256×256 [scalar build],8190685,106,34487246.53773585,113370775.55660377,18.714,18.765094339622642,0.993
3,sub,convolution 256×256 [scalar build],8190685,106,34446204.03773585,113370007.32075472,18.683,18.74490566037736,0.993
4,sub,convolution 256×256 [scalar build],8190685,105,34469552.60952381,113376546.42857143,18.69,18.763142857142856,0.993
5,sub,convolution 256×256 [scalar build],8190685,105,34364717.3047619,113373091.47619048,18.638,18.702190476190477,0.993
1,stack,convolution 256×256 [scalar build],8190685,104,34948308.740384616,113387081.47115384,18.977,19.021442307692308,0.993
2,stack,convolution 256×256 [scalar build],8190685,102,34985394.75490196,113411181.7745098,18.993,19.03450980392157,0.993
3,stack,convolution 256×256 [scalar build],8190685,105,34899796.07619048,113388554.12380952,18.935,18.975714285714286,0.993
4,stack,convolution 256×256 [scalar build],8190685,103,34979405.32038835,113408886.9223301,18.985,19.012815533980582,0.993
5,stack,convolution 256×256 [scalar build],8190685,105,34831916.17142857,113373530.0,18.92,18.957333333333334,0.993
1,sub,crc32(64KB) [scalar build],-1910355869,310,11873134.30967742,41479278.6,6.426,6.463322580645162,0.992
2,sub,crc32(64KB) [scalar build],-1910355869,310,11889142.203225806,41482779.561290324,6.436,6.468774193548387,0.992
3,sub,crc32(64KB) [scalar build],-1910355869,311,11861745.96784566,41486417.42122187,6.411,6.4504501607717035,0.993
4,sub,crc32(64KB) [scalar build],-1910355869,312,11901687.442307692,41478731.445512824,6.439,6.472179487179487,0.993
5,sub,crc32(64KB) [scalar build],-1910355869,309,11833003.281553399,41477507.43042071,6.407,6.441067961165048,0.993
1,stack,crc32(64KB) [scalar build],-1910355869,286,12410309.83916084,41512536.891608395,6.769,6.755524475524475,0.992
2,stack,crc32(64KB) [scalar build],-1910355869,289,12320070.235294119,41507551.38754325,6.661,6.704636678200693,0.992
3,stack,crc32(64KB) [scalar build],-1910355869,295,12340307.013559323,41501284.61355932,6.714,6.716338983050847,0.993
4,stack,crc32(64KB) [scalar build],-1910355869,293,12332392.020477816,41502091.62116041,6.698,6.713378839590444,0.993
5,stack,crc32(64KB) [scalar build],-1910355869,290,12350025.568965517,41509398.237931035,6.699,6.721172413793104,0.992
1,sub,fib(30),832040,13,256760262.07692307,855787190.7692307,141.437,140.19538461538463,0.999
2,sub,fib(30),832040,13,256314120.76923078,855743297.8461539,141.131,139.8553846153846,0.999
3,sub,fib(30),832040,13,257562241.3846154,856055170.0769231,141.321,140.34846153846155,0.998
4,sub,fib(30),832040,13,257076740.92307693,855978097.5384616,141.229,140.3276923076923,0.998
5,sub,fib(30),832040,13,259468541.15384614,855749692.9230769,142.597,141.65,0.999
1,stack,fib(30),832040,14,238894697.7857143,818076692.4285715,131.401,130.34785714285712,0.999
2,stack,fib(30),832040,14,238922241.2142857,818036406.8571428,131.443,130.30214285714285,0.999
3,stack,fib(30),832040,14,239032497.5,818249999.5714285,131.55,130.38500000000002,0.999
4,stack,fib(30),832040,14,238765527.64285713,818007986.8571428,131.15,130.32142857142858,0.999
5,stack,fib(30),832040,14,239000728.57142857,818262505.7142857,131.458,130.38857142857142,0.999
1,sub,graphql-validation (AS),5,114,32064741.09649123,80479637.92982456,17.139,17.444122807017546,0.993
2,sub,graphql-validation (AS),5,114,31985099.89473684,80489129.36842105,17.076,17.391052631578948,0.993
3,sub,graphql-validation (AS),5,114,31910709.807017542,80481814.78947368,17.07,17.368859649122808,0.993
4,sub,graphql-validation (AS),5,113,32185848.300884955,80439686.7699115,17.227,17.519469026548673,0.993
5,sub,graphql-validation (AS),5,113,32212984.044247787,80431515.03539823,17.227,17.536106194690266,0.993
1,stack,graphql-validation (AS),5,120,30374334.733333334,76464935.04166667,16.268,16.532249999999998,0.993
2,stack,graphql-validation (AS),5,120,30604390.933333334,76464279.56666666,16.431,16.65575,0.993
3,stack,graphql-validation (AS),5,119,30363285.74789916,76428327.74789916,16.26,16.523949579831932,0.993
4,stack,graphql-validation (AS),5,118,30501625.991525423,76517051.87288135,16.312,16.597542372881357,0.993
5,stack,graphql-validation (AS),5,120,30440582.116666667,76471191.73333333,16.308,16.541999999999998,0.993
1,sub,matmul relaxed-simd FMA,48907,494,7466764.41902834,24506346.048582997,3.872,3.9848785425101214,0.963
2,sub,matmul relaxed-simd FMA,48907,513,7467936.056530215,24459168.73294347,3.882,3.9915204678362577,0.963
3,sub,matmul relaxed-simd FMA,48907,518,7331980.990347491,23935949.044401545,3.878,3.9510617760617763,0.974
4,sub,matmul relaxed-simd FMA,48907,519,7319969.213872832,23936117.10982659,3.87,3.9452023121387283,0.974
5,sub,matmul relaxed-simd FMA,48907,516,7324339.370155038,23931928.124031007,3.87,3.9434496124031004,0.974
1,stack,matmul relaxed-simd FMA,48907,510,7545759.68627451,24475657.115686275,3.918,4.036313725490196,0.963
2,stack,matmul relaxed-simd FMA,48907,510,7431506.643137255,23954736.635294117,3.922,3.995450980392157,0.975
3,stack,matmul relaxed-simd FMA,48907,503,7566198.807157057,24496086.636182904,3.923,4.038568588469185,0.964
4,stack,matmul relaxed-simd FMA,48907,507,7419019.785009862,23943781.31755424,3.919,4.002721893491125,0.973
5,stack,matmul relaxed-simd FMA,48907,504,7581558.668650794,24525823.73015873,3.923,4.043988095238095,0.962
1,sub,multi-memory twin: one memory,902712413,243,15112670.600823045,55127343.48559671,8.185,8.227325102880659,0.993
2,sub,multi-memory twin: one memory,902712413,242,15084371.578512397,55132103.56198347,8.169,8.211033057851239,0.993
3,sub,multi-memory twin: one memory,902712413,244,15206446.229508197,55129155.733606555,8.234,8.273688524590163,0.993
4,sub,multi-memory twin: one memory,902712413,242,15188475.731404958,55133893.17768595,8.226,8.267231404958679,0.993
5,sub,multi-memory twin: one memory,902712413,244,15098966.430327868,55123734.16803279,8.178,8.21877049180328,0.993
1,stack,multi-memory twin: one memory,902712413,237,15275008.489451477,55140605.278481014,8.274,8.312995780590718,0.993
2,stack,multi-memory twin: one memory,902712413,240,15280306.883333333,55134382.829166666,8.273,8.316041666666667,0.993
3,stack,multi-memory twin: one memory,902712413,239,15265675.364016736,55138848.49790795,8.267,8.308953974895397,0.993
4,stack,multi-memory twin: one memory,902712413,241,15284706.788381742,55137265.13692946,8.27,8.311078838174273,0.993
5,stack,multi-memory twin: one memory,902712413,240,15269253.929166667,55136600.7625,8.269,8.31025,0.993
1,sub,sieve(10000) [scalar build],1229,2347,1573982.5236472092,5722237.079250107,0.846,0.8552662974009373,0.989
2,sub,sieve(10000) [scalar build],1229,2355,1577355.2861995753,5722951.217409766,0.848,0.8562929936305732,0.989
3,sub,sieve(10000) [scalar build],1229,2373,1559867.597977244,5722816.549515381,0.838,0.8475221238938053,0.989
4,sub,sieve(10000) [scalar build],1229,2372,1568850.4616357505,5721070.99831366,0.843,0.8522554806070826,0.99
5,sub,sieve(10000) [scalar build],1229,2346,1582634.216965047,5722459.643222506,0.85,0.8593606138107417,0.99
1,stack,sieve(10000) [scalar build],1229,2362,1573540.133361558,5722114.474174429,0.845,0.8545469940728196,0.989
2,stack,sieve(10000) [scalar build],1229,2341,1574937.5604442547,5724856.999145664,0.845,0.8551260145237077,0.989
3,stack,sieve(10000) [scalar build],1229,2249,1568125.6816362827,5728760.794130725,0.841,0.8510271231658515,0.988
4,stack,sieve(10000) [scalar build],1229,2328,1573633.0472508592,5722424.962199313,0.846,0.8548883161512028,0.989
5,stack,sieve(10000) [scalar build],1229,2353,1574834.9371015725,5724059.552486188,0.845,0.8550233744156396,0.989
1,sub,tail-call FSM (65536 return_call),-1841735369,270,13555470.02962963,43655157.174074076,7.339,7.379407407407408,0.993
2,sub,tail-call FSM (65536 return_call),-1841735369,271,13646797.749077491,43655739.981549814,7.392,7.429741697416974,0.993
3,sub,tail-call FSM (65536 return_call),-1841735369,270,13564562.548148148,43656959.674074076,7.345,7.385148148148148,0.993
4,sub,tail-call FSM (65536 return_call),-1841735369,268,13569847.059701493,43663436.981343284,7.346,7.382089552238806,0.993
5,sub,tail-call FSM (65536 return_call),-1841735369,272,13556031.091911765,43651242.96691176,7.342,7.380477941176471,0.993
1,stack,tail-call FSM (65536 return_call),-1841735369,312,11569746.798076924,39270208.474358976,6.261,6.297596153846153,0.993
2,stack,tail-call FSM (65536 return_call),-1841735369,317,11581314.867507886,39264948.56466877,6.273,6.302902208201893,0.993
3,stack,tail-call FSM (65536 return_call),-1841735369,317,11657206.208201893,39264811.8170347,6.312,6.346372239747634,0.993
4,stack,tail-call FSM (65536 return_call),-1841735369,317,11566572.242902208,39264685.47318612,6.262,6.296876971608833,0.993
5,stack,tail-call FSM (65536 return_call),-1841735369,317,11583863.798107255,39264378.66561514,6.271,6.3050473186119875,0.993
1,sub,vtable_poly4 (200K),-126115384,29,122755482.44827586,338013157.51724136,66.587,66.81103448275861,0.993
2,sub,vtable_poly4 (200K),-126115384,29,123199709.2413793,338043621.0689655,66.825,67.04827586206896,0.993
3,sub,vtable_poly4 (200K),-126115384,29,122778439.65517241,338014132.3103448,66.607,66.84137931034483,0.993
4,sub,vtable_poly4 (200K),-126115384,29,122983201.89655173,338044146.17241377,66.724,66.92758620689655,0.993
5,sub,vtable_poly4 (200K),-126115384,28,126936400.39285715,338159671.25,68.91,69.10178571428571,0.993
1,stack,vtable_poly4 (200K),-126115384,33,107645363.6969697,297486532.3333333,58.455,58.58818181818182,0.993
2,stack,vtable_poly4 (200K),-126115384,34,105781438.73529412,297351441.7058824,57.419,57.57588235294117,0.993
3,stack,vtable_poly4 (200K),-126115384,34,107083918.97058824,297369634.0882353,58.214,58.281470588235294,0.993
4,stack,vtable_poly4 (200K),-126115384,34,105787386.52941176,297357100.5,57.423,57.5835294117647,0.993
5,stack,vtable_poly4 (200K),-126115384,34,106349501.61764705,297368887.5588235,57.751,57.87352941176471,0.993
1,sub,xmrsplayer (1024-frame buffer),1390515339,91,40776562.94505495,112396667.81318681,22.156,22.213296703296706,0.994
2,sub,xmrsplayer (1024-frame buffer),1390515339,91,40858494.68131868,112403493.68131869,22.241,22.25318681318681,0.994
3,sub,xmrsplayer (1024-frame buffer),1041682267,93,39980949.48387097,112385136.62365592,21.734,21.75010752688172,0.994
4,sub,xmrsplayer (1024-frame buffer),-1885905528,90,41069770.44444445,112433712.33333333,22.347,22.363333333333333,0.994
5,sub,xmrsplayer (1024-frame buffer),1390515339,91,41290094.692307696,112399991.12087911,22.472,22.48912087912088,0.994
1,stack,xmrsplayer (1024-frame buffer),1308797413,98,37945041.6632653,107527457.42857143,20.619,20.669591836734693,0.994
2,stack,xmrsplayer (1024-frame buffer),-899854147,97,38489845.587628864,107541179.22680412,20.809,20.965051546391752,0.994
3,stack,xmrsplayer (1024-frame buffer),1580867102,94,38831649.127659574,107596277.04255319,21.158,21.150957446808512,0.994
4,stack,xmrsplayer (1024-frame buffer),-899854147,97,37878456.01030928,107543397.0,20.642,20.63175257731959,0.994
5,stack,xmrsplayer (1024-frame buffer),1580867102,94,38446577.70212766,107594274.75531915,20.913,20.937127659574468,0.994
