run,build,row,result,instructions,cycles
1,exp-acc-base-c67ce64,xmrsplayer,1935125490,112903230,32693647
1,exp-acc-base-c67ce64,graphql_as,5,81861699,25382437
1,exp-acc-base-c67ce64,audio_dsp,761667740,10312378962,2792058104
1,exp-acc-base-c67ce64,mm_single,902712413,57609953,14702984
1,exp-acc-base-c67ce64,crc32.scalar,-1910355869,46734398,13001749
1,exp-acc-base-c67ce64,fib,832040,920333103,263453053
1,exp-acc-base-c67ce64,call_indirect,-9175573,150043330,54408096
1,exp-acc-base-c67ce64,vtable_poly4,-126115384,327827104,99624235
1,exp-acc-c8cf1ff,xmrsplayer,1935125490,139072662,34073892
1,exp-acc-c8cf1ff,graphql_as,5,102640521,27005862
1,exp-acc-c8cf1ff,audio_dsp,761667740,12788115334,2964757078
1,exp-acc-c8cf1ff,mm_single,902712413,71213177,16246524
1,exp-acc-c8cf1ff,crc32.scalar,-1910355869,64744009,16138516
1,exp-acc-c8cf1ff,fib,832040,931292200,242377240
1,exp-acc-c8cf1ff,call_indirect,-9175573,176985688,55406396
1,exp-acc-c8cf1ff,vtable_poly4,-126115384,357597537,104252367
1,next-693d590,xmrsplayer,1935125490,111002993,31378870
1,next-693d590,graphql_as,5,80902004,24165086
1,next-693d590,audio_dsp,761667740,9822944456,2661165936
1,next-693d590,mm_single,902712413,56406706,14510061
1,next-693d590,crc32.scalar,-1910355869,46157967,12648910
1,next-693d590,fib,832040,861414483,235488593
1,next-693d590,call_indirect,-9175573,147124229,53787314
1,next-693d590,vtable_poly4,-126115384,314119701,95568808
1,next+64+72-e6283d2,xmrsplayer,1935125490,104158609,27658493
1,next+64+72-e6283d2,graphql_as,5,75756533,21525288
1,next+64+72-e6283d2,audio_dsp,761667740,8856499108,2253744929
1,next+64+72-e6283d2,mm_single,902712413,51727134,12352012
1,next+64+72-e6283d2,crc32.scalar,-1910355869,41308938,10197853
1,next+64+72-e6283d2,fib,832040,830825744,208285637
1,next+64+72-e6283d2,call_indirect,-9175573,147200656,49597415
1,next+64+72-e6283d2,vtable_poly4,-126115384,315639743,91524517
2,exp-acc-base-c67ce64,xmrsplayer,1935125490,112865840,32796484
2,exp-acc-base-c67ce64,graphql_as,5,82079891,25485873
2,exp-acc-base-c67ce64,audio_dsp,761667740,10344493290,2829653554
2,exp-acc-base-c67ce64,mm_single,902712413,57819570,14878728
2,exp-acc-base-c67ce64,crc32.scalar,-1910355869,46853994,13105773
2,exp-acc-base-c67ce64,fib,832040,925147965,270264756
2,exp-acc-base-c67ce64,call_indirect,-9175573,151230168,55307540
2,exp-acc-base-c67ce64,vtable_poly4,-126115384,330116307,101099877
2,exp-acc-c8cf1ff,xmrsplayer,1935125490,139704362,34779696
2,exp-acc-c8cf1ff,graphql_as,5,103314618,27974703
2,exp-acc-c8cf1ff,audio_dsp,761667740,12834413038,3010139250
2,exp-acc-c8cf1ff,mm_single,902712413,71603306,16583411
2,exp-acc-c8cf1ff,crc32.scalar,-1910355869,65232929,16735235
2,exp-acc-c8cf1ff,fib,832040,939616603,250501835
2,exp-acc-c8cf1ff,call_indirect,-9175573,177944579,56382112
2,exp-acc-c8cf1ff,vtable_poly4,-126115384,358838686,105363613
2,next-693d590,xmrsplayer,1935125490,111186557,31662970
2,next-693d590,graphql_as,5,81196115,24851731
2,next-693d590,audio_dsp,761667740,9823755313,2668223324
2,next-693d590,mm_single,902712413,56440560,14546430
2,next-693d590,crc32.scalar,-1910355869,46147053,12574646
2,next-693d590,fib,832040,862038121,235661830
2,next-693d590,call_indirect,-9175573,147141480,53499587
2,next-693d590,vtable_poly4,-126115384,314454624,96170326
2,next+64+72-e6283d2,xmrsplayer,1935125490,104596385,28306325
2,next+64+72-e6283d2,graphql_as,5,76114859,21997092
2,next+64+72-e6283d2,audio_dsp,761667740,8891031826,2293870734
2,next+64+72-e6283d2,mm_single,902712413,51795902,12301873
2,next+64+72-e6283d2,crc32.scalar,-1910355869,41358521,10197395
2,next+64+72-e6283d2,fib,832040,830273886,208058028
2,next+64+72-e6283d2,call_indirect,-9175573,147660047,50188001
2,next+64+72-e6283d2,vtable_poly4,-126115384,316358989,92675947
3,exp-acc-base-c67ce64,xmrsplayer,1935125490,112985441,32879515
3,exp-acc-base-c67ce64,graphql_as,5,82246803,26346157
3,exp-acc-base-c67ce64,audio_dsp,761667740,10356487773,2829627425
3,exp-acc-base-c67ce64,mm_single,902712413,57976402,15115648
3,exp-acc-base-c67ce64,crc32.scalar,-1910355869,46947492,13284238
3,exp-acc-base-c67ce64,fib,832040,928218643,271642080
3,exp-acc-base-c67ce64,call_indirect,-9175573,151705330,56003076
3,exp-acc-base-c67ce64,vtable_poly4,-126115384,329845203,101397225
3,exp-acc-c8cf1ff,xmrsplayer,1935125490,139885296,35137309
3,exp-acc-c8cf1ff,graphql_as,5,103237958,28585590
3,exp-acc-c8cf1ff,audio_dsp,761667740,12826247907,2999395378
3,exp-acc-c8cf1ff,mm_single,902712413,71508166,16504732
3,exp-acc-c8cf1ff,crc32.scalar,-1910355869,65044182,16500706
3,exp-acc-c8cf1ff,fib,832040,935211169,246662438
3,exp-acc-c8cf1ff,call_indirect,-9175573,177663354,56328522
3,exp-acc-c8cf1ff,vtable_poly4,-126115384,359302291,106196493
3,next-693d590,xmrsplayer,1935125490,110989584,31392248
3,next-693d590,graphql_as,5,81194623,24975810
3,next-693d590,audio_dsp,761667740,9840712655,2683879733
3,next-693d590,mm_single,902712413,56464695,14503378
3,next-693d590,crc32.scalar,-1910355869,46128217,12531557
3,next-693d590,fib,832040,861896962,235212564
3,next-693d590,call_indirect,-9175573,147120365,53207097
3,next-693d590,vtable_poly4,-126115384,313681219,94760186
3,next+64+72-e6283d2,xmrsplayer,1935125490,104372455,27915134
3,next+64+72-e6283d2,graphql_as,5,76229490,22189834
3,next+64+72-e6283d2,audio_dsp,761667740,8870406641,2257193382
3,next+64+72-e6283d2,mm_single,902712413,51760322,12262059
3,next+64+72-e6283d2,crc32.scalar,-1910355869,41293790,10114515
3,next+64+72-e6283d2,fib,832040,829888199,206569668
3,next+64+72-e6283d2,call_indirect,-9175573,147094410,49061517
3,next+64+72-e6283d2,vtable_poly4,-126115384,315364457,90520636
