build,row,result,instructions,cycles
next d1165c2,wasm-call,1000000,420945718,136817978
next d1165c2,host-call,1000000,611641501,166883590
next d1165c2,xmrsplayer,1741175410,114907834,32839739
next d1165c2,graphql_as,5,81466248,25444297
next d1165c2,mm_single,902712413,57123595,14658956
next d1165c2,fib,832040,893885219,256094005
next d1165c2,call_indirect,-9175573,150625416,56725123
next d1165c2,vtable_poly4,-126115384,327152549,101231088
next d1165c2,tailcall_fsm,-1841735369,43963627,12793722
d1165c2+#64,wasm-call,1000000,450776368,144952401
d1165c2+#64,host-call,1000000,612377050,163580379
d1165c2+#64,xmrsplayer,1741175410,112182793,29559472
d1165c2+#64,graphql_as,5,79671387,22581153
d1165c2+#64,mm_single,902712413,55062545,12704787
d1165c2+#64,fib,832040,863414853,226197924
d1165c2+#64,call_indirect,-9175573,151953206,51986570
d1165c2+#64,vtable_poly4,-126115384,334545496,97273183
d1165c2+#64,tailcall_fsm,-1841735369,43567123,11529777
next a0ea681 (#75),wasm-call,1000000,453429268,145735997
next a0ea681 (#75),host-call,1000000,616057883,168305938
next a0ea681 (#75),xmrsplayer,1741175410,111032102,29385734
next a0ea681 (#75),graphql_as,5,78811060,22651144
next a0ea681 (#75),mm_single,902712413,54418985,12621773
next a0ea681 (#75),fib,832040,853570260,224668283
next a0ea681 (#75),call_indirect,-9175573,150902793,50604130
next a0ea681 (#75),vtable_poly4,-126115384,331494586,94601712
next a0ea681 (#75),tailcall_fsm,-1841735369,43356062,10991017
#75+#74,wasm-call,1000000,364182580,110746851
#75+#74,host-call,1000000,616050274,164123487
#75+#74,xmrsplayer,1741175410,107224450,27716879
#75+#74,graphql_as,5,76189249,21875810
#75+#74,mm_single,902712413,54294072,12477894
#75+#74,fib,832040,816874018,212348284
#75+#74,call_indirect,-9175573,136778988,45513841
#75+#74,vtable_poly4,-126115384,302931320,83153661
#75+#74,tailcall_fsm,-1841735369,40433203,10247384
#75+#74+chain,wasm-call,1000000,354069583,109164290
#75+#74+chain,host-call,1000000,618850290,167822973
#75+#74+chain,xmrsplayer,1741175410,107204252,28298318
#75+#74+chain,graphql_as,5,75744936,21921416
#75+#74+chain,mm_single,902712413,54492727,12647502
#75+#74+chain,fib,832040,817120030,213637713
#75+#74+chain,call_indirect,-9175573,133652519,43980868
#75+#74+chain,vtable_poly4,-126115384,296782365,79893029
#75+#74+chain,tailcall_fsm,-1841735369,39969532,9953109
#75+frameless,wasm-call,1000000,433892406,144433171
#75+frameless,host-call,1000000,603219328,163301082
#75+frameless,xmrsplayer,1741175410,97837022,27639527
#75+frameless,graphql_as,5,71678107,21658473
#75+frameless,mm_single,902712413,48189975,11161164
#75+frameless,fib,832040,792281875,207956936
#75+frameless,call_indirect,-9175573,143595208,49752314
#75+frameless,vtable_poly4,-126115384,309312986,91756375
#75+frameless,tailcall_fsm,-1841735369,39594590,10468832
#75+#74+chain+frameless,wasm-call,1000000,335563086,105258137
#75+#74+chain+frameless,host-call,1000000,606830169,164676552
#75+#74+chain+frameless,xmrsplayer,1741175410,93620790,26362094
#75+#74+chain+frameless,graphql_as,5,68425621,20671560
#75+#74+chain+frameless,mm_single,902712413,48386504,11367399
#75+#74+chain+frameless,fib,832040,758265037,203682393
#75+#74+chain+frameless,call_indirect,-9175573,126387460,43056606
#75+#74+chain+frameless,vtable_poly4,-126115384,274500394,77412840
#75+#74+chain+frameless,tailcall_fsm,-1841735369,35958410,9062532
next d1165c2,wasm-call,1000000,421093915,137121840
next d1165c2,host-call,1000000,614806033,170569149
next d1165c2,xmrsplayer,1741175410,114807018,32748639
next d1165c2,graphql_as,5,81576686,25164582
next d1165c2,mm_single,902712413,56806008,14376889
next d1165c2,fib,832040,894016762,255555721
next d1165c2,call_indirect,-9175573,149608957,55233455
next d1165c2,vtable_poly4,-126115384,327418212,100361431
next d1165c2,tailcall_fsm,-1841735369,44081364,12824941
d1165c2+#64,wasm-call,1000000,450317799,144211825
d1165c2+#64,host-call,1000000,611604290,162518679
d1165c2+#64,xmrsplayer,1741175410,112443018,29995670
d1165c2+#64,graphql_as,5,79704381,22825888
d1165c2+#64,mm_single,902712413,55037746,12694591
d1165c2+#64,fib,832040,867157197,231333246
d1165c2+#64,call_indirect,-9175573,152792941,52604203
d1165c2+#64,vtable_poly4,-126115384,333661664,95779117
d1165c2+#64,tailcall_fsm,-1841735369,43597935,11543981
next a0ea681 (#75),wasm-call,1000000,449598777,141502939
next a0ea681 (#75),host-call,1000000,614267422,165324669
next a0ea681 (#75),xmrsplayer,1741175410,111313427,30412443
next a0ea681 (#75),graphql_as,5,79277356,22905815
next a0ea681 (#75),mm_single,902712413,54336001,12535856
next a0ea681 (#75),fib,832040,853573463,225182943
next a0ea681 (#75),call_indirect,-9175573,151571012,51423588
next a0ea681 (#75),vtable_poly4,-126115384,332449233,95659239
next a0ea681 (#75),tailcall_fsm,-1841735369,43572536,11266071
#75+#74,wasm-call,1000000,365199118,111666084
#75+#74,host-call,1000000,617641465,167051956
#75+#74,xmrsplayer,1741175410,107564374,28301644
#75+#74,graphql_as,5,76003006,21637979
#75+#74,mm_single,902712413,54280760,12455379
#75+#74,fib,832040,816019431,211859094
#75+#74,call_indirect,-9175573,136294781,44928053
#75+#74,vtable_poly4,-126115384,302229259,82024149
#75+#74,tailcall_fsm,-1841735369,40216527,9982615
#75+#74+chain,wasm-call,1000000,351456436,106735347
#75+#74+chain,host-call,1000000,617591976,166197279
#75+#74+chain,xmrsplayer,1741175410,107050563,27884737
#75+#74+chain,graphql_as,5,75706545,21742314
#75+#74+chain,mm_single,902712413,54210454,12348443
#75+#74+chain,fib,832040,817126866,213160730
#75+#74+chain,call_indirect,-9175573,134426033,45034188
#75+#74+chain,vtable_poly4,-126115384,297861962,81258239
#75+#74+chain,tailcall_fsm,-1841735369,39875561,9923419
#75+frameless,wasm-call,1000000,435952996,147019360
#75+frameless,host-call,1000000,604187620,164236232
#75+frameless,xmrsplayer,1741175410,97822680,27808912
#75+frameless,graphql_as,5,71713931,21634289
#75+frameless,mm_single,902712413,48243813,11234958
#75+frameless,fib,832040,794490047,210997080
#75+frameless,call_indirect,-9175573,143455488,49222244
#75+frameless,vtable_poly4,-126115384,309249573,89422694
#75+frameless,tailcall_fsm,-1841735369,39619263,10523731
#75+#74+chain+frameless,wasm-call,1000000,335155942,105422624
#75+#74+chain+frameless,host-call,1000000,608938794,167063851
#75+#74+chain+frameless,xmrsplayer,1741175410,93865445,26746110
#75+#74+chain+frameless,graphql_as,5,68526794,21086852
#75+#74+chain+frameless,mm_single,902712413,48339086,11306603
#75+#74+chain+frameless,fib,832040,756130038,201532497
#75+#74+chain+frameless,call_indirect,-9175573,126286976,43069590
#75+#74+chain+frameless,vtable_poly4,-126115384,274460579,77209179
#75+#74+chain+frameless,tailcall_fsm,-1841735369,36010685,9153549
next d1165c2,wasm-call,1000000,422373139,138252476
next d1165c2,host-call,1000000,613158880,169266157
next d1165c2,xmrsplayer,1741175410,114695253,32540180
next d1165c2,graphql_as,5,81296364,25094106
next d1165c2,mm_single,902712413,56927980,14428012
next d1165c2,fib,832040,891971590,253479680
next d1165c2,call_indirect,-9175573,149471644,55145590
next d1165c2,vtable_poly4,-126115384,325695477,99048285
next d1165c2,tailcall_fsm,-1841735369,43730916,12466304
d1165c2+#64,wasm-call,1000000,450737288,144661571
d1165c2+#64,host-call,1000000,611918023,162674606
d1165c2+#64,xmrsplayer,1741175410,112454959,30022509
d1165c2+#64,graphql_as,5,79684868,22937209
d1165c2+#64,mm_single,902712413,55119491,12751302
d1165c2+#64,fib,832040,866831603,229558207
d1165c2+#64,call_indirect,-9175573,152000058,51790243
d1165c2+#64,vtable_poly4,-126115384,334349432,100065872
d1165c2+#64,tailcall_fsm,-1841735369,43664873,11626342
next a0ea681 (#75),wasm-call,1000000,450895238,142991488
next a0ea681 (#75),host-call,1000000,613815508,164768190
next a0ea681 (#75),xmrsplayer,1741175410,110863696,29320737
next a0ea681 (#75),graphql_as,5,78868271,22589767
next a0ea681 (#75),mm_single,902712413,54359539,12563131
next a0ea681 (#75),fib,832040,856073041,227951697
next a0ea681 (#75),call_indirect,-9175573,150932469,50530842
next a0ea681 (#75),vtable_poly4,-126115384,332088004,94733432
next a0ea681 (#75),tailcall_fsm,-1841735369,43554831,11421171
#75+#74,wasm-call,1000000,365239145,111885085
#75+#74,host-call,1000000,617657996,166378995
#75+#74,xmrsplayer,1741175410,107531760,28204732
#75+#74,graphql_as,5,76302232,22214665
#75+#74,mm_single,902712413,54519733,12757042
#75+#74,fib,832040,815693017,211418428
#75+#74,call_indirect,-9175573,136881204,45779230
#75+#74,vtable_poly4,-126115384,301615427,81129466
#75+#74,tailcall_fsm,-1841735369,40204032,10013329
#75+#74+chain,wasm-call,1000000,352546139,107579440
#75+#74+chain,host-call,1000000,617476962,166801699
#75+#74+chain,xmrsplayer,1741175410,106798452,27702423
#75+#74+chain,graphql_as,5,75599746,21705041
#75+#74+chain,mm_single,902712413,54294262,12470928
#75+#74+chain,fib,832040,818156178,214286031
#75+#74+chain,call_indirect,-9175573,134027036,44648340
#75+#74+chain,vtable_poly4,-126115384,297550579,81303935
#75+#74+chain,tailcall_fsm,-1841735369,39846883,9848030
#75+frameless,wasm-call,1000000,434766596,138197012
#75+frameless,host-call,1000000,603884424,164005573
#75+frameless,xmrsplayer,1741175410,97842594,27720858
#75+frameless,graphql_as,5,71663642,21612102
#75+frameless,mm_single,902712413,48276468,11273971
#75+frameless,fib,832040,792957386,209378612
#75+frameless,call_indirect,-9175573,143526687,49704977
#75+frameless,vtable_poly4,-126115384,309303828,91829979
#75+frameless,tailcall_fsm,-1841735369,39637310,10590794
#75+#74+chain+frameless,wasm-call,1000000,335601417,105237994
#75+#74+chain+frameless,host-call,1000000,606930484,165061816
#75+#74+chain+frameless,xmrsplayer,1741175410,93494680,26311379
#75+#74+chain+frameless,graphql_as,5,68404796,20632645
#75+#74+chain+frameless,mm_single,902712413,48263522,11232997
#75+#74+chain+frameless,fib,832040,756272944,201893988
#75+#74+chain+frameless,call_indirect,-9175573,126498132,43208522
#75+#74+chain+frameless,vtable_poly4,-126115384,274339985,77244784
#75+#74+chain+frameless,tailcall_fsm,-1841735369,36002693,9119732
