runtime,run,phase,inner_rep,n,total_ns,ns_per_op
pulley,1,wait_for_0,0,20000,43644375,2182.2
pulley,1,concurrent_wait,0,1000,7287208,7287.2
pulley,1,stdout_stream,0,8192,344967917,42110.3
pulley,1,wait_for_0,1,20000,62271792,3113.6
pulley,1,concurrent_wait,1,1000,7608458,7608.5
pulley,1,stdout_stream,1,8192,363676333,44394.1
pulley,1,wait_for_0,2,20000,48853875,2442.7
pulley,1,concurrent_wait,2,1000,5676333,5676.3
pulley,1,stdout_stream,2,8192,388279584,47397.4
pulley,1,wait_for_0,3,20000,59761667,2988.1
pulley,1,concurrent_wait,3,1000,7195334,7195.3
pulley,1,stdout_stream,3,8192,375208417,45801.8
pulley,1,wait_for_0,4,20000,56761167,2838.1
pulley,1,concurrent_wait,4,1000,7512042,7512.0
pulley,1,stdout_stream,4,8192,391784583,47825.3
pulley,10,wait_for_0,0,20000,34027000,1701.3
pulley,10,concurrent_wait,0,1000,4890291,4890.3
pulley,10,stdout_stream,0,8192,360337125,43986.5
pulley,10,wait_for_0,1,20000,64035000,3201.8
pulley,10,concurrent_wait,1,1000,6161416,6161.4
pulley,10,stdout_stream,1,8192,362396791,44237.9
pulley,10,wait_for_0,2,20000,57483834,2874.2
pulley,10,concurrent_wait,2,1000,7703334,7703.3
pulley,10,stdout_stream,2,8192,393216000,48000.0
pulley,10,wait_for_0,3,20000,45579542,2279.0
pulley,10,concurrent_wait,3,1000,4658292,4658.3
pulley,10,stdout_stream,3,8192,355746833,43426.1
pulley,10,wait_for_0,4,20000,59622542,2981.1
pulley,10,concurrent_wait,4,1000,6132084,6132.1
pulley,10,stdout_stream,4,8192,407340959,49724.2
pulley,2,wait_for_0,0,20000,59310667,2965.5
pulley,2,concurrent_wait,0,1000,7817834,7817.8
pulley,2,stdout_stream,0,8192,377836084,46122.6
pulley,2,wait_for_0,1,20000,62315792,3115.8
pulley,2,concurrent_wait,1,1000,7693500,7693.5
pulley,2,stdout_stream,1,8192,383689417,46837.1
pulley,2,wait_for_0,2,20000,59586875,2979.3
pulley,2,concurrent_wait,2,1000,7945458,7945.5
pulley,2,stdout_stream,2,8192,359627125,43899.8
pulley,2,wait_for_0,3,20000,51808291,2590.4
pulley,2,concurrent_wait,3,1000,7571291,7571.3
pulley,2,stdout_stream,3,8192,381445042,46563.1
pulley,2,wait_for_0,4,20000,51451208,2572.6
pulley,2,concurrent_wait,4,1000,4020333,4020.3
pulley,2,stdout_stream,4,8192,415234958,50687.9
pulley,3,wait_for_0,0,20000,48961625,2448.1
pulley,3,concurrent_wait,0,1000,7765000,7765.0
pulley,3,stdout_stream,0,8192,376308208,45936.1
pulley,3,wait_for_0,1,20000,58835709,2941.8
pulley,3,concurrent_wait,1,1000,8069625,8069.6
pulley,3,stdout_stream,1,8192,379661292,46345.4
pulley,3,wait_for_0,2,20000,46469333,2323.5
pulley,3,concurrent_wait,2,1000,6931875,6931.9
pulley,3,stdout_stream,2,8192,363711208,44398.3
pulley,3,wait_for_0,3,20000,56836541,2841.8
pulley,3,concurrent_wait,3,1000,7836875,7836.9
pulley,3,stdout_stream,3,8192,367316250,44838.4
pulley,3,wait_for_0,4,20000,57031333,2851.6
pulley,3,concurrent_wait,4,1000,5013167,5013.2
pulley,3,stdout_stream,4,8192,388768958,47457.1
pulley,4,wait_for_0,0,20000,59973791,2998.7
pulley,4,concurrent_wait,0,1000,7626666,7626.7
pulley,4,stdout_stream,0,8192,364273833,44467.0
pulley,4,wait_for_0,1,20000,46054709,2302.7
pulley,4,concurrent_wait,1,1000,5487834,5487.8
pulley,4,stdout_stream,1,8192,354066042,43221.0
pulley,4,wait_for_0,2,20000,49328250,2466.4
pulley,4,concurrent_wait,2,1000,3722000,3722.0
pulley,4,stdout_stream,2,8192,315519000,38515.5
pulley,4,wait_for_0,3,20000,57512917,2875.6
pulley,4,concurrent_wait,3,1000,7438167,7438.2
pulley,4,stdout_stream,3,8192,404457333,49372.2
pulley,4,wait_for_0,4,20000,50825167,2541.3
pulley,4,concurrent_wait,4,1000,6806500,6806.5
pulley,4,stdout_stream,4,8192,354442958,43267.0
pulley,5,wait_for_0,0,20000,59748959,2987.4
pulley,5,concurrent_wait,0,1000,7618750,7618.8
pulley,5,stdout_stream,0,8192,389909625,47596.4
pulley,5,wait_for_0,1,20000,43830250,2191.5
pulley,5,concurrent_wait,1,1000,4482375,4482.4
pulley,5,stdout_stream,1,8192,337722208,41225.9
pulley,5,wait_for_0,2,20000,51596375,2579.8
pulley,5,concurrent_wait,2,1000,7431583,7431.6
pulley,5,stdout_stream,2,8192,402918292,49184.4
pulley,5,wait_for_0,3,20000,56744709,2837.2
pulley,5,concurrent_wait,3,1000,3826084,3826.1
pulley,5,stdout_stream,3,8192,355927791,43448.2
pulley,5,wait_for_0,4,20000,60205542,3010.3
pulley,5,concurrent_wait,4,1000,7921375,7921.4
pulley,5,stdout_stream,4,8192,446404125,54492.7
pulley,6,wait_for_0,0,20000,51354542,2567.7
pulley,6,concurrent_wait,0,1000,7721333,7721.3
pulley,6,stdout_stream,0,8192,400439541,48881.8
pulley,6,wait_for_0,1,20000,65455375,3272.8
pulley,6,concurrent_wait,1,1000,5833666,5833.7
pulley,6,stdout_stream,1,8192,327515750,39979.9
pulley,6,wait_for_0,2,20000,36009667,1800.5
pulley,6,concurrent_wait,2,1000,4557333,4557.3
pulley,6,stdout_stream,2,8192,295373417,36056.3
pulley,6,wait_for_0,3,20000,47197916,2359.9
pulley,6,concurrent_wait,3,1000,5942417,5942.4
pulley,6,stdout_stream,3,8192,385164250,47017.1
pulley,6,wait_for_0,4,20000,60656958,3032.8
pulley,6,concurrent_wait,4,1000,6179833,6179.8
pulley,6,stdout_stream,4,8192,401760459,49043.0
pulley,7,wait_for_0,0,20000,53440333,2672.0
pulley,7,concurrent_wait,0,1000,9222125,9222.1
pulley,7,stdout_stream,0,8192,316206625,38599.4
pulley,7,wait_for_0,1,20000,46435625,2321.8
pulley,7,concurrent_wait,1,1000,5753209,5753.2
pulley,7,stdout_stream,1,8192,409151500,49945.3
pulley,7,wait_for_0,2,20000,37330042,1866.5
pulley,7,concurrent_wait,2,1000,3602083,3602.1
pulley,7,stdout_stream,2,8192,321790041,39281.0
pulley,7,wait_for_0,3,20000,64671000,3233.6
pulley,7,concurrent_wait,3,1000,8041916,8041.9
pulley,7,stdout_stream,3,8192,391492458,47789.6
pulley,7,wait_for_0,4,20000,36517584,1825.9
pulley,7,concurrent_wait,4,1000,3750250,3750.2
pulley,7,stdout_stream,4,8192,535692417,65392.1
pulley,8,wait_for_0,0,20000,25656250,1282.8
pulley,8,concurrent_wait,0,1000,3213083,3213.1
pulley,8,stdout_stream,0,8192,198929667,24283.4
pulley,8,wait_for_0,1,20000,26001083,1300.1
pulley,8,concurrent_wait,1,1000,3093750,3093.8
pulley,8,stdout_stream,1,8192,335969459,41011.9
pulley,8,wait_for_0,2,20000,61704542,3085.2
pulley,8,concurrent_wait,2,1000,3313833,3313.8
pulley,8,stdout_stream,2,8192,325423333,39724.5
pulley,8,wait_for_0,3,20000,50071250,2503.6
pulley,8,concurrent_wait,3,1000,3801792,3801.8
pulley,8,stdout_stream,3,8192,370733792,45255.6
pulley,8,wait_for_0,4,20000,33013500,1650.7
pulley,8,concurrent_wait,4,1000,6344958,6345.0
pulley,8,stdout_stream,4,8192,548323084,66934.0
pulley,9,wait_for_0,0,20000,59155125,2957.8
pulley,9,concurrent_wait,0,1000,3280584,3280.6
pulley,9,stdout_stream,0,8192,295076458,36020.1
pulley,9,wait_for_0,1,20000,39903000,1995.2
pulley,9,concurrent_wait,1,1000,15143125,15143.1
pulley,9,stdout_stream,1,8192,256374333,31295.7
pulley,9,wait_for_0,2,20000,30875875,1543.8
pulley,9,concurrent_wait,2,1000,4146875,4146.9
pulley,9,stdout_stream,2,8192,249344916,30437.6
pulley,9,wait_for_0,3,20000,27464125,1373.2
pulley,9,concurrent_wait,3,1000,3182791,3182.8
pulley,9,stdout_stream,3,8192,175742292,21452.9
pulley,9,wait_for_0,4,20000,26379917,1319.0
pulley,9,concurrent_wait,4,1000,2969208,2969.2
pulley,9,stdout_stream,4,8192,191037625,23320.0
zwasm,1,wait_for_0,0,20000,140459958,7023.0
zwasm,1,concurrent_wait,0,1000,23108584,23108.6
zwasm,1,stdout_stream,0,8192,609715584,74428.2
zwasm,1,wait_for_0,1,20000,133219292,6661.0
zwasm,1,concurrent_wait,1,1000,24324791,24324.8
zwasm,1,stdout_stream,1,8192,612925709,74820.0
zwasm,1,wait_for_0,2,20000,125777375,6288.9
zwasm,1,concurrent_wait,2,1000,23880375,23880.4
zwasm,1,stdout_stream,2,8192,600081667,73252.2
zwasm,1,wait_for_0,3,20000,134527667,6726.4
zwasm,1,concurrent_wait,3,1000,21969375,21969.4
zwasm,1,stdout_stream,3,8192,642310958,78407.1
zwasm,1,wait_for_0,4,20000,136157333,6807.9
zwasm,1,concurrent_wait,4,1000,22215042,22215.0
zwasm,1,stdout_stream,4,8192,583535125,71232.3
zwasm,10,wait_for_0,0,20000,134861291,6743.1
zwasm,10,concurrent_wait,0,1000,18697000,18697.0
zwasm,10,stdout_stream,0,8192,606840625,74077.2
zwasm,10,wait_for_0,1,20000,119824583,5991.2
zwasm,10,concurrent_wait,1,1000,19021167,19021.2
zwasm,10,stdout_stream,1,8192,626763875,76509.3
zwasm,10,wait_for_0,2,20000,113484208,5674.2
zwasm,10,concurrent_wait,2,1000,19986250,19986.2
zwasm,10,stdout_stream,2,8192,622587792,75999.5
zwasm,10,wait_for_0,3,20000,142888750,7144.4
zwasm,10,concurrent_wait,3,1000,16114375,16114.4
zwasm,10,stdout_stream,3,8192,632550208,77215.6
zwasm,10,wait_for_0,4,20000,117748583,5887.4
zwasm,10,concurrent_wait,4,1000,21944708,21944.7
zwasm,10,stdout_stream,4,8192,639171666,78023.9
zwasm,2,wait_for_0,0,20000,149722250,7486.1
zwasm,2,concurrent_wait,0,1000,25103167,25103.2
zwasm,2,stdout_stream,0,8192,631421500,77077.8
zwasm,2,wait_for_0,1,20000,103976917,5198.8
zwasm,2,concurrent_wait,1,1000,16432291,16432.3
zwasm,2,stdout_stream,1,8192,620011917,75685.0
zwasm,2,wait_for_0,2,20000,131351416,6567.6
zwasm,2,concurrent_wait,2,1000,21747458,21747.5
zwasm,2,stdout_stream,2,8192,594859375,72614.7
zwasm,2,wait_for_0,3,20000,113701208,5685.1
zwasm,2,concurrent_wait,3,1000,21486625,21486.6
zwasm,2,stdout_stream,3,8192,620376792,75729.6
zwasm,2,wait_for_0,4,20000,119151584,5957.6
zwasm,2,concurrent_wait,4,1000,22443792,22443.8
zwasm,2,stdout_stream,4,8192,689496458,84167.0
zwasm,3,wait_for_0,0,20000,135455750,6772.8
zwasm,3,concurrent_wait,0,1000,21736708,21736.7
zwasm,3,stdout_stream,0,8192,644550708,78680.5
zwasm,3,wait_for_0,1,20000,126265584,6313.3
zwasm,3,concurrent_wait,1,1000,16350833,16350.8
zwasm,3,stdout_stream,1,8192,661132958,80704.7
zwasm,3,wait_for_0,2,20000,123924041,6196.2
zwasm,3,concurrent_wait,2,1000,19553125,19553.1
zwasm,3,stdout_stream,2,8192,640894416,78234.2
zwasm,3,wait_for_0,3,20000,122924667,6146.2
zwasm,3,concurrent_wait,3,1000,22088000,22088.0
zwasm,3,stdout_stream,3,8192,658684333,80405.8
zwasm,3,wait_for_0,4,20000,138422208,6921.1
zwasm,3,concurrent_wait,4,1000,20613792,20613.8
zwasm,3,stdout_stream,4,8192,610281083,74497.2
zwasm,4,wait_for_0,0,20000,117003500,5850.2
zwasm,4,concurrent_wait,0,1000,18377833,18377.8
zwasm,4,stdout_stream,0,8192,554072458,67635.8
zwasm,4,wait_for_0,1,20000,125356167,6267.8
zwasm,4,concurrent_wait,1,1000,22198208,22198.2
zwasm,4,stdout_stream,1,8192,617031167,75321.2
zwasm,4,wait_for_0,2,20000,69885416,3494.3
zwasm,4,concurrent_wait,2,1000,10197833,10197.8
zwasm,4,stdout_stream,2,8192,592949958,72381.6
zwasm,4,wait_for_0,3,20000,121939542,6097.0
zwasm,4,concurrent_wait,3,1000,20273416,20273.4
zwasm,4,stdout_stream,3,8192,605779084,73947.6
zwasm,4,wait_for_0,4,20000,125545750,6277.3
zwasm,4,concurrent_wait,4,1000,19798625,19798.6
zwasm,4,stdout_stream,4,8192,625751291,76385.7
zwasm,5,wait_for_0,0,20000,140456250,7022.8
zwasm,5,concurrent_wait,0,1000,16207875,16207.9
zwasm,5,stdout_stream,0,8192,605416875,73903.4
zwasm,5,wait_for_0,1,20000,118768417,5938.4
zwasm,5,concurrent_wait,1,1000,23389500,23389.5
zwasm,5,stdout_stream,1,8192,630028458,76907.8
zwasm,5,wait_for_0,2,20000,154885000,7744.2
zwasm,5,concurrent_wait,2,1000,22857958,22858.0
zwasm,5,stdout_stream,2,8192,640042416,78130.2
zwasm,5,wait_for_0,3,20000,131868083,6593.4
zwasm,5,concurrent_wait,3,1000,19047500,19047.5
zwasm,5,stdout_stream,3,8192,570051791,69586.4
zwasm,5,wait_for_0,4,20000,111461417,5573.1
zwasm,5,concurrent_wait,4,1000,14037208,14037.2
zwasm,5,stdout_stream,4,8192,653382375,79758.6
zwasm,6,wait_for_0,0,20000,127012417,6350.6
zwasm,6,concurrent_wait,0,1000,22044541,22044.5
zwasm,6,stdout_stream,0,8192,612830125,74808.4
zwasm,6,wait_for_0,1,20000,119204417,5960.2
zwasm,6,concurrent_wait,1,1000,22376667,22376.7
zwasm,6,stdout_stream,1,8192,581366959,70967.6
zwasm,6,wait_for_0,2,20000,123994875,6199.7
zwasm,6,concurrent_wait,2,1000,17868583,17868.6
zwasm,6,stdout_stream,2,8192,632191875,77171.9
zwasm,6,wait_for_0,3,20000,131454167,6572.7
zwasm,6,concurrent_wait,3,1000,16128334,16128.3
zwasm,6,stdout_stream,3,8192,634658708,77473.0
zwasm,6,wait_for_0,4,20000,134567541,6728.4
zwasm,6,concurrent_wait,4,1000,22438792,22438.8
zwasm,6,stdout_stream,4,8192,668264500,81575.3
zwasm,7,wait_for_0,0,20000,123778459,6188.9
zwasm,7,concurrent_wait,0,1000,22074458,22074.5
zwasm,7,stdout_stream,0,8192,589882167,72007.1
zwasm,7,wait_for_0,1,20000,202463792,10123.2
zwasm,7,concurrent_wait,1,1000,22872458,22872.5
zwasm,7,stdout_stream,1,8192,414503959,50598.6
zwasm,7,wait_for_0,2,20000,64548583,3227.4
zwasm,7,concurrent_wait,2,1000,10753792,10753.8
zwasm,7,stdout_stream,2,8192,412280625,50327.2
zwasm,7,wait_for_0,3,20000,76733459,3836.7
zwasm,7,concurrent_wait,3,1000,10434625,10434.6
zwasm,7,stdout_stream,3,8192,593881042,72495.2
zwasm,7,wait_for_0,4,20000,151482959,7574.1
zwasm,7,concurrent_wait,4,1000,25234709,25234.7
zwasm,7,stdout_stream,4,8192,536753792,65521.7
zwasm,8,wait_for_0,0,20000,133344000,6667.2
zwasm,8,concurrent_wait,0,1000,21265833,21265.8
zwasm,8,stdout_stream,0,8192,721528416,88077.2
zwasm,8,wait_for_0,1,20000,107662167,5383.1
zwasm,8,concurrent_wait,1,1000,16803667,16803.7
zwasm,8,stdout_stream,1,8192,636542167,77702.9
zwasm,8,wait_for_0,2,20000,143231792,7161.6
zwasm,8,concurrent_wait,2,1000,40083750,40083.8
zwasm,8,stdout_stream,2,8192,525854709,64191.2
zwasm,8,wait_for_0,3,20000,371047416,18552.4
zwasm,8,concurrent_wait,3,1000,12210458,12210.5
zwasm,8,stdout_stream,3,8192,530969000,64815.6
zwasm,8,wait_for_0,4,20000,139294250,6964.7
zwasm,8,concurrent_wait,4,1000,23042875,23042.9
zwasm,8,stdout_stream,4,8192,746437959,91117.9
zwasm,9,wait_for_0,0,20000,63386250,3169.3
zwasm,9,concurrent_wait,0,1000,9892583,9892.6
zwasm,9,stdout_stream,0,8192,435359083,53144.4
zwasm,9,wait_for_0,1,20000,65429583,3271.5
zwasm,9,concurrent_wait,1,1000,10997583,10997.6
zwasm,9,stdout_stream,1,8192,791129000,96573.4
zwasm,9,wait_for_0,2,20000,194565000,9728.2
zwasm,9,concurrent_wait,2,1000,32410375,32410.4
zwasm,9,stdout_stream,2,8192,633966875,77388.5
zwasm,9,wait_for_0,3,20000,108954959,5447.7
zwasm,9,concurrent_wait,3,1000,24549125,24549.1
zwasm,9,stdout_stream,3,8192,593661584,72468.5
zwasm,9,wait_for_0,4,20000,118913458,5945.7
zwasm,9,concurrent_wait,4,1000,21238834,21238.8
zwasm,9,stdout_stream,4,8192,746642917,91142.9
