rep,runtime,variant,scene,frames,fps_mean,fps_median,frame_ms_p50,frame_ms_p95,frame_ms_p99,frame_ms_max,guest_ms_mean,encode_ms_mean,gpu_ms_mean,init_ms,load_ms,phys_footprint_peak_bytes,phys_footprint_before_guest_bytes,linear_memory_peak_bytes,cpu_ms,e_share,ipc,run_instructions,run_cycles,all_hash,final_texture_hash,adapter,error
1,pulley,simd128,0,121,8.781,9.147,109.327,156.847,178.113,179.692,107.137,2.641,4.11,153.242,1828.609,553042712,,12386304,12191.007,1.0,2.694,94252240198,35490009670,f9fa7399f9cbc21b,d8670619b1c3d306,Apple M4 Max (Metal),
1,pulley,simd128,1,121,14.605,16.284,61.41,108.784,117.073,120.595,64.823,1.947,1.702,184.888,1743.226,546620184,,6291456,7389.667,1.0,2.523,53939889596,21730925121,a4d95f880db7a22b,33e4bacd203e3c72,Apple M4 Max (Metal),
1,wamr,simd128,0,121,10.873,11.471,87.175,128.01,146.42,162.488,85.139,2.717,4.112,120.961,59.969,534741760,,12386304,9627.228,1.0,2.512,65778930884,26300534907,f9fa7399f9cbc21b,d8670619b1c3d306,Apple M4 Max (Metal),
1,wamr,simd128,1,121,18.594,19.964,50.09,83.381,85.126,90.381,50.325,1.803,1.654,152.413,53.097,529744640,,6291456,5695.266,0.9999,2.392,37990042381,15955963025,a4d95f880db7a22b,33e4bacd203e3c72,Apple M4 Max (Metal),
1,wasm3,scalar,0,121,15.344,15.768,63.42,90.357,99.383,100.244,58.614,2.511,4.048,91.876,2.491,539394816,,12386304,6726.488,0.9999,2.395,43582664084,18305553520,f9fa7399f9cbc21b,d8670619b1c3d306,Apple M4 Max (Metal),
1,wasm3,scalar,1,121,25.217,26.108,38.302,63.295,65.804,70.061,36.074,1.968,1.614,105.958,1.904,533463784,,6291456,4190.701,1.0,2.308,25708987413,11228276818,a4d95f880db7a22b,33e4bacd203e3c72,Apple M4 Max (Metal),
1,wasmedge,simd128,0,121,2.064,2.263,441.938,683.648,774.579,793.647,478.163,2.267,3.979,671.155,70.927,554763032,,12386304,51774.697,1.0,3.242,466998516477,143986949383,f9fa7399f9cbc21b,d8670619b1c3d306,Apple M4 Max (Metal),
1,wasmedge,simd128,1,121,3.319,3.765,265.633,449.695,469.462,470.932,298.21,1.655,1.434,698.921,64.705,529416960,,6291456,32929.209,1.0,3.161,270267335745,85692503309,a4d95f880db7a22b,33e4bacd203e3c72,Apple M4 Max (Metal),
1,zwasm,scalar,0,121,2.132,2.31,432.938,652.347,675.4,682.511,462.542,2.549,4.014,628.995,29.252,545555224,,12386304,51087.734,1.0,3.811,496810925218,130558927629,f9fa7399f9cbc21b,d8670619b1c3d306,Apple M4 Max (Metal),
1,zwasm,scalar,1,121,3.517,4.183,239.037,425.762,442.0,443.836,281.009,1.856,1.475,911.403,25.55,540558080,,6291456,30764.983,1.0,3.659,289917831366,79313806538,a4d95f880db7a22b,33e4bacd203e3c72,Apple M4 Max (Metal),
1,wasmz,scalar,0,121,9.635,10.136,98.661,145.15,153.093,155.554,97.232,2.452,4.108,202.914,26.009,582894408,,12386304,10852.272,1.0,2.346,66695234927,28533391751,f9fa7399f9cbc21b,d8670619b1c3d306,Apple M4 Max (Metal),
1,wasmz,scalar,1,121,16.98,18.565,53.863,88.411,91.98,92.488,55.691,1.636,1.564,244.544,18.962,571573016,,6291456,6363.508,1.0,2.314,38466448093,16694678829,a4d95f880db7a22b,33e4bacd203e3c72,Apple M4 Max (Metal),
1,tinywasm,simd128,0,121,4.487,4.809,207.954,310.392,327.966,333.455,216.492,2.35,4.029,205.393,37.817,542147328,,12386304,24074.282,1.0,3.14,190137948774,60740281409,f9fa7399f9cbc21b,d8670619b1c3d306,Apple M4 Max (Metal),
1,tinywasm,simd128,1,121,7.855,8.809,113.526,185.456,194.898,201.631,123.999,1.814,1.5,268.442,47.556,531612392,,6291456,13855.497,1.0,3.049,106741851560,35112506708,a4d95f880db7a22b,33e4bacd203e3c72,Apple M4 Max (Metal),
2,pulley,simd128,0,121,7.842,8.171,122.384,168.623,185.189,394.828,119.445,4.042,4.034,168.654,1842.956,540263168,,12386304,13176.468,1.0,2.663,94763396185,35982887178,f9fa7399f9cbc21b,d8670619b1c3d306,Apple M4 Max (Metal),
2,pulley,simd128,1,121,15.208,16.939,59.035,103.313,117.779,134.823,62.571,1.668,1.516,192.142,1840.599,530694912,,6291456,7005.636,1.0,2.5,54151930954,21881004341,a4d95f880db7a22b,33e4bacd203e3c72,Apple M4 Max (Metal),
2,wamr,simd128,0,121,10.781,11.262,88.795,128.642,133.818,135.444,86.156,2.595,4.006,102.126,51.248,521962216,,12386304,9797.6,1.0,2.523,65684794150,26118617986,f9fa7399f9cbc21b,d8670619b1c3d306,Apple M4 Max (Metal),
2,wamr,simd128,1,121,19.27,20.969,47.689,83.176,89.099,89.114,48.508,1.766,1.621,145.922,55.565,512377576,,6291456,5653.747,1.0,2.406,37862878360,15778347761,a4d95f880db7a22b,33e4bacd203e3c72,Apple M4 Max (Metal),
2,wasm3,scalar,0,121,15.65,15.966,62.635,89.531,96.149,96.846,57.267,2.561,4.072,88.675,1.476,522584784,,12386304,6652.132,0.9999,2.389,43503873287,18271191311,f9fa7399f9cbc21b,d8670619b1c3d306,Apple M4 Max (Metal),
2,wasm3,scalar,1,121,24.956,28.552,35.023,62.378,71.228,125.885,36.769,1.838,1.464,120.334,2.833,515310288,,6291456,4106.032,1.0,2.304,25670139763,11167420725,a4d95f880db7a22b,33e4bacd203e3c72,Apple M4 Max (Metal),
2,wasmedge,simd128,0,121,2.1,2.278,438.924,669.479,696.334,734.482,469.684,2.342,4.175,458.084,33.1,539837208,,12386304,51431.647,1.0,3.255,466486828506,143375242717,f9fa7399f9cbc21b,d8670619b1c3d306,Apple M4 Max (Metal),
2,wasmedge,simd128,1,121,3.564,4.0,249.988,423.175,457.743,480.517,277.315,1.708,1.545,760.696,65.782,529531648,,6291456,30208.093,1.0,3.178,269156665817,84606992231,a4d95f880db7a22b,33e4bacd203e3c72,Apple M4 Max (Metal),
2,zwasm,scalar,0,121,2.321,2.501,399.778,587.263,638.813,640.83,424.522,2.292,3.994,597.934,28.142,532742864,,12386304,46471.054,1.0,3.845,495035201460,128789479750,f9fa7399f9cbc21b,d8670619b1c3d306,Apple M4 Max (Metal),
2,zwasm,scalar,1,121,4.057,4.572,218.708,395.982,410.007,413.17,243.402,1.646,1.453,741.488,21.188,522830568,,6291456,27153.676,1.0,3.72,288579628524,77791686782,a4d95f880db7a22b,33e4bacd203e3c72,Apple M4 Max (Metal),
2,wasmz,scalar,0,121,9.346,9.477,105.515,161.097,211.37,216.514,99.152,3.607,4.242,234.787,21.696,567755568,,12386304,10110.448,0.9999,2.349,66270131093,28405357933,f9fa7399f9cbc21b,d8670619b1c3d306,Apple M4 Max (Metal),
2,wasmz,scalar,1,121,16.093,17.69,56.529,92.366,120.863,127.309,58.276,2.089,1.774,258.231,34.649,554746672,,6291456,6169.844,0.9999,2.294,38159806216,16708065233,a4d95f880db7a22b,33e4bacd203e3c72,Apple M4 Max (Metal),
2,tinywasm,simd128,0,121,4.745,5.08,196.861,296.146,321.376,337.716,203.931,2.701,4.121,329.966,40.261,525157072,,12386304,22389.243,1.0,3.163,189122177214,60082350731,f9fa7399f9cbc21b,d8670619b1c3d306,Apple M4 Max (Metal),
2,tinywasm,simd128,1,121,8.447,8.975,111.425,168.4,186.356,191.612,114.973,1.803,1.611,240.27,43.776,515687120,,6291456,12785.005,1.0,3.078,106100855751,34618277388,a4d95f880db7a22b,33e4bacd203e3c72,Apple M4 Max (Metal),
3,pulley,simd128,0,121,8.099,8.465,118.132,169.39,202.808,235.944,116.815,2.606,4.047,70.018,1337.527,540181248,,12386304,12811.579,1.0,2.689,94190920326,35392012418,f9fa7399f9cbc21b,d8670619b1c3d306,Apple M4 Max (Metal),
3,pulley,simd128,1,121,15.301,17.385,57.52,106.724,110.982,153.701,62.053,1.776,1.527,189.211,1618.521,530825960,,6291456,7156.196,0.9999,2.532,53825069847,21453708438,a4d95f880db7a22b,33e4bacd203e3c72,Apple M4 Max (Metal),
3,wamr,simd128,0,121,11.743,11.971,83.536,114.111,125.574,126.858,78.663,2.442,4.051,113.804,52.517,522355432,,12386304,8997.449,1.0,2.524,65607497400,25845900947,f9fa7399f9cbc21b,d8670619b1c3d306,Apple M4 Max (Metal),
3,wamr,simd128,1,121,19.953,22.008,45.439,77.108,99.541,156.812,46.723,1.829,1.567,120.35,38.763,512770792,,6291456,5424.126,1.0,2.42,37832610130,15712014767,a4d95f880db7a22b,33e4bacd203e3c72,Apple M4 Max (Metal),
3,wasm3,scalar,0,121,16.496,16.678,59.959,85.533,91.386,95.665,54.109,2.416,4.095,97.377,2.449,522470096,,12386304,6484.703,1.0,2.412,43381226559,18023976323,f9fa7399f9cbc21b,d8670619b1c3d306,Apple M4 Max (Metal),
3,wasm3,scalar,1,121,28.205,31.863,31.384,59.143,62.315,63.019,32.225,1.679,1.55,110.372,2.26,515228368,,6291456,3954.079,1.0,2.341,25522312764,10951386821,a4d95f880db7a22b,33e4bacd203e3c72,Apple M4 Max (Metal),
3,wasmedge,simd128,0,121,2.177,2.351,425.36,634.846,688.438,835.088,452.784,2.492,4.0,605.687,50.768,540001024,,12386304,51553.359,1.0,3.298,465263326176,141287639037,f9fa7399f9cbc21b,d8670619b1c3d306,Apple M4 Max (Metal),
3,wasmedge,simd128,1,121,3.702,4.117,242.87,395.139,445.612,671.681,266.753,1.759,1.592,760.376,57.44,529416960,,6291456,30543.508,1.0,3.228,268273264920,83206025044,a4d95f880db7a22b,33e4bacd203e3c72,Apple M4 Max (Metal),
3,zwasm,scalar,0,121,2.391,2.461,406.412,557.519,603.044,617.691,411.698,2.499,4.02,585.97,21.776,532628200,,12386304,47119.347,1.0,3.901,493929375616,126821704292,f9fa7399f9cbc21b,d8670619b1c3d306,Apple M4 Max (Metal),
3,zwasm,scalar,1,121,4.049,4.561,219.232,374.801,397.339,404.51,243.536,1.786,1.652,836.643,27.501,522453736,,6291456,28180.715,1.0,3.76,288053927454,76721207649,a4d95f880db7a22b,33e4bacd203e3c72,Apple M4 Max (Metal),
3,wasmz,scalar,0,121,9.646,9.979,100.214,140.029,148.168,150.519,97.045,2.557,4.063,192.753,28.745,570491696,,12386304,11558.055,1.0,2.38,65992847473,27837439642,f9fa7399f9cbc21b,d8670619b1c3d306,Apple M4 Max (Metal),
3,wasmz,scalar,1,121,17.103,18.855,53.037,87.945,94.204,96.154,55.07,1.755,1.645,236.209,26.586,554451736,,6291456,6687.481,1.0,2.38,38005432271,16009372164,a4d95f880db7a22b,33e4bacd203e3c72,Apple M4 Max (Metal),
3,tinywasm,simd128,0,121,4.741,4.977,200.914,291.792,316.805,327.679,204.362,2.497,4.066,246.543,40.446,525238992,,12386304,23993.491,1.0,3.22,188718879165,58728672621,f9fa7399f9cbc21b,d8670619b1c3d306,Apple M4 Max (Metal),
3,tinywasm,simd128,1,121,8.279,8.986,111.283,172.414,186.007,191.547,117.419,1.809,1.559,274.905,44.138,515752632,,6291456,13783.999,1.0,3.122,105913130633,33956471397,a4d95f880db7a22b,33e4bacd203e3c72,Apple M4 Max (Metal),
4,pulley,simd128,0,121,8.31,8.6,116.285,161.468,170.583,178.733,113.728,2.547,4.063,147.152,1738.877,541639424,,12386304,13514.937,0.9999,2.725,93949343294,34839508978,f9fa7399f9cbc21b,d8670619b1c3d306,Apple M4 Max (Metal),
4,pulley,simd128,1,121,15.127,17.277,57.88,105.593,111.315,111.416,62.743,1.754,1.611,189.828,1793.722,530711296,,6291456,7507.355,0.9999,2.54,53721469153,21212639667,a4d95f880db7a22b,33e4bacd203e3c72,Apple M4 Max (Metal),
4,wamr,simd128,0,121,11.155,11.409,87.648,119.661,133.7,135.705,83.447,2.232,3.971,101.267,56.097,521994984,,12386304,9857.197,1.0,2.555,65590878470,25809877671,f9fa7399f9cbc21b,d8670619b1c3d306,Apple M4 Max (Metal),
4,wamr,simd128,1,121,20.827,22.975,43.526,78.837,88.444,98.932,45.123,1.434,1.459,142.135,58.541,514589416,,6291456,5319.311,1.0,2.444,37858530323,15562927134,a4d95f880db7a22b,33e4bacd203e3c72,Apple M4 Max (Metal),
4,wasm3,scalar,0,121,14.736,15.285,65.426,88.522,121.532,144.292,61.147,2.597,4.119,107.966,2.348,522486480,,12386304,7400.556,1.0,2.445,43392087243,17840906006,f9fa7399f9cbc21b,d8670619b1c3d306,Apple M4 Max (Metal),
4,wasm3,scalar,1,121,27.435,30.935,32.326,61.241,64.782,124.05,32.835,2.114,1.501,106.38,2.296,515179216,,6291456,4014.5,0.9999,2.346,25520302323,10832738714,a4d95f880db7a22b,33e4bacd203e3c72,Apple M4 Max (Metal),
4,wasmedge,simd128,0,121,2.138,2.189,456.751,608.984,679.277,680.072,461.52,2.245,3.86,540.473,50.782,539902720,,12386304,50372.808,1.0,3.266,466934500660,143842077716,f9fa7399f9cbc21b,d8670619b1c3d306,Apple M4 Max (Metal),
4,wasmedge,simd128,1,121,3.468,3.971,251.822,434.746,458.475,459.281,284.964,1.813,1.544,774.511,56.622,529154816,,6291456,32854.579,1.0,3.222,268984655820,83811663580,a4d95f880db7a22b,33e4bacd203e3c72,Apple M4 Max (Metal),
4,zwasm,scalar,0,121,2.151,2.263,441.939,620.341,658.293,670.019,457.961,2.577,4.264,627.027,28.93,532906728,,12386304,53042.476,1.0,3.921,493850599723,126068868671,f9fa7399f9cbc21b,d8670619b1c3d306,Apple M4 Max (Metal),
4,zwasm,scalar,1,121,3.626,4.237,235.994,427.308,445.144,445.791,272.329,1.866,1.604,801.487,27.704,522584808,,6291456,31930.451,1.0,3.78,288009848716,76324222238,a4d95f880db7a22b,33e4bacd203e3c72,Apple M4 Max (Metal),
4,wasmz,scalar,0,121,10.001,10.404,96.121,140.477,150.922,158.079,93.448,2.535,4.008,213.553,30.306,566706992,,12386304,11123.656,0.9999,2.387,66027377625,27685262883,f9fa7399f9cbc21b,d8670619b1c3d306,Apple M4 Max (Metal),
4,wasmz,scalar,1,121,17.721,20.066,49.835,86.671,91.987,105.876,53.021,1.826,1.582,236.684,27.403,554631936,,6291456,6337.061,0.9999,2.342,38095104307,16238425472,a4d95f880db7a22b,33e4bacd203e3c72,Apple M4 Max (Metal),
4,tinywasm,simd128,0,121,4.984,5.221,191.543,274.505,306.058,446.0,194.272,2.402,3.987,205.018,47.431,525124328,,12386304,21978.379,1.0,3.191,188995734865,59367251210,f9fa7399f9cbc21b,d8670619b1c3d306,Apple M4 Max (Metal),
4,tinywasm,simd128,1,121,8.282,9.121,109.636,178.561,184.972,204.4,117.358,1.745,1.638,256.889,38.505,515605200,,6291456,13690.36,1.0,3.118,105979341837,34027981171,a4d95f880db7a22b,33e4bacd203e3c72,Apple M4 Max (Metal),
5,pulley,simd128,0,121,8.699,8.94,111.856,159.537,175.146,176.643,108.455,2.467,4.029,156.029,1628.401,540410624,,12386304,12747.706,1.0,2.705,93998035874,35104035210,f9fa7399f9cbc21b,d8670619b1c3d306,Apple M4 Max (Metal),
5,pulley,simd128,1,121,16.327,17.175,58.223,101.283,106.548,107.839,58.013,1.712,1.522,152.844,1702.399,530793216,,6291456,6903.379,1.0,2.537,53749531296,21393072535,a4d95f880db7a22b,33e4bacd203e3c72,Apple M4 Max (Metal),
5,wamr,simd128,0,121,10.359,10.892,91.807,126.182,140.003,252.201,89.824,2.661,4.046,124.978,57.548,522437352,,12386304,10511.995,1.0,2.546,65536555632,25716970833,f9fa7399f9cbc21b,d8670619b1c3d306,Apple M4 Max (Metal),
5,wamr,simd128,1,121,19.19,21.353,46.832,81.288,98.991,141.449,48.849,1.723,1.538,147.356,54.892,512393960,,6291456,5679.757,1.0,2.431,37805601818,15533641475,a4d95f880db7a22b,33e4bacd203e3c72,Apple M4 Max (Metal),
5,wasm3,scalar,0,121,16.46,16.34,61.198,82.524,89.096,96.607,54.219,2.405,4.129,72.176,1.423,523682512,,12386304,6470.373,1.0,2.406,43439380713,18066225313,f9fa7399f9cbc21b,d8670619b1c3d306,Apple M4 Max (Metal),
5,wasm3,scalar,1,121,27.382,30.528,32.757,58.329,62.143,65.519,33.233,1.689,1.599,92.849,1.747,516735696,,6291456,4045.711,1.0,2.327,25553197767,10953576438,a4d95f880db7a22b,33e4bacd203e3c72,Apple M4 Max (Metal),
5,wasmedge,simd128,0,121,2.036,2.184,457.825,677.654,742.484,749.213,484.652,2.53,3.984,547.198,58.032,539869952,,12386304,53799.892,1.0,3.251,466316176384,143496033215,f9fa7399f9cbc21b,d8670619b1c3d306,Apple M4 Max (Metal),
5,wasmedge,simd128,1,121,4.425,4.869,205.38,344.447,378.066,385.586,223.606,1.157,1.206,858.606,76.501,529367808,,6291456,25558.729,1.0,3.228,268949885521,83962325933,a4d95f880db7a22b,33e4bacd203e3c72,Apple M4 Max (Metal),
5,zwasm,scalar,0,121,2.362,2.462,406.255,567.614,654.9,675.948,416.764,2.583,4.007,626.305,24.734,532759272,,12386304,46640.679,1.0,3.864,494876074520,128693244646,f9fa7399f9cbc21b,d8670619b1c3d306,Apple M4 Max (Metal),
5,zwasm,scalar,1,121,3.926,4.511,221.685,413.393,447.484,454.419,251.413,1.753,1.52,865.75,26.553,522273512,,6291456,28632.413,1.0,3.731,288453805620,77323501812,a4d95f880db7a22b,33e4bacd203e3c72,Apple M4 Max (Metal),
5,wasmz,scalar,0,121,9.893,10.332,96.784,141.545,157.201,205.962,94.431,2.56,4.094,203.297,31.773,566035248,,12386304,11038.204,1.0,2.395,65967529844,27586501148,f9fa7399f9cbc21b,d8670619b1c3d306,Apple M4 Max (Metal),
5,wasmz,scalar,1,121,17.479,19.061,52.463,87.848,92.11,92.823,53.798,1.854,1.56,223.964,19.468,554484504,,6291456,6434.331,1.0,2.348,38051400118,16233396362,a4d95f880db7a22b,33e4bacd203e3c72,Apple M4 Max (Metal),
5,tinywasm,simd128,0,121,4.909,5.151,194.138,276.539,329.257,346.209,197.242,2.422,4.056,200.48,36.32,526090984,,12386304,22643.168,1.0,3.201,188824088114,59125434013,f9fa7399f9cbc21b,d8670619b1c3d306,Apple M4 Max (Metal),
5,tinywasm,simd128,1,121,8.536,9.353,106.918,171.597,180.346,186.708,113.787,1.807,1.551,252.911,40.889,515637968,,6291456,13186.31,1.0,3.109,105950307439,34191189920,a4d95f880db7a22b,33e4bacd203e3c72,Apple M4 Max (Metal),
6,pulley,simd128,0,121,9.25,9.46,105.705,140.045,154.618,236.186,101.744,2.318,4.045,142.796,1609.989,540558080,,12386304,11496.461,1.0,2.688,94156109303,35393122379,f9fa7399f9cbc21b,d8670619b1c3d306,Apple M4 Max (Metal),
6,pulley,simd128,1,121,17.636,19.461,51.385,91.136,100.47,100.553,53.738,1.538,1.426,158.363,1562.379,530940672,,6291456,6098.598,0.9999,2.496,53927353321,21836617382,a4d95f880db7a22b,33e4bacd203e3c72,Apple M4 Max (Metal),
6,wamr,simd128,0,121,10.566,10.997,90.932,128.261,133.806,135.475,87.903,2.701,4.042,83.752,43.404,521716480,,12386304,10121.868,1.0,2.519,65614037468,25827703286,f9fa7399f9cbc21b,d8670619b1c3d306,Apple M4 Max (Metal),
6,wamr,simd128,1,121,19.705,21.144,47.295,84.833,86.202,87.536,47.484,1.717,1.549,144.203,47.551,512639720,,6291456,5583.471,0.9999,2.408,37836797200,15750103186,a4d95f880db7a22b,33e4bacd203e3c72,Apple M4 Max (Metal),
6,wasm3,scalar,0,121,16.695,16.973,58.915,83.762,86.132,88.06,54.295,1.817,3.785,77.105,2.146,522388152,,12386304,6592.671,0.9999,2.485,43334964838,17427668519,f9fa7399f9cbc21b,d8670619b1c3d306,Apple M4 Max (Metal),
6,wasm3,scalar,1,121,27.193,28.951,34.541,57.246,65.58,66.35,33.35,1.741,1.684,96.985,1.993,515048144,,6291456,3917.464,1.0,2.308,25548975279,11089125561,a4d95f880db7a22b,33e4bacd203e3c72,Apple M4 Max (Metal),
6,wasmedge,simd128,0,121,1.944,2.042,489.814,699.053,737.871,756.952,507.61,2.64,4.045,644.451,67.799,539886336,,12386304,58774.016,1.0,3.309,465347164142,140805526319,f9fa7399f9cbc21b,d8670619b1c3d306,Apple M4 Max (Metal),
6,wasmedge,simd128,1,121,3.656,3.953,252.972,415.337,428.018,461.953,270.184,1.811,1.508,859.426,69.158,529597184,,6291456,30924.542,1.0,3.222,268644230868,83682988276,a4d95f880db7a22b,33e4bacd203e3c72,Apple M4 Max (Metal),
6,zwasm,scalar,0,121,2.382,2.554,391.5,570.319,594.813,601.331,413.308,2.294,4.215,619.837,23.247,532677352,,12386304,44833.683,1.0,3.843,494424549916,127849704009,f9fa7399f9cbc21b,d8670619b1c3d306,Apple M4 Max (Metal),
6,zwasm,scalar,1,121,3.8,4.274,233.98,385.891,413.181,424.537,259.52,2.031,1.59,839.461,29.512,522404584,,6291456,26197.616,1.0,3.646,289007799686,79279565082,a4d95f880db7a22b,33e4bacd203e3c72,Apple M4 Max (Metal),
6,wasmz,scalar,0,121,10.463,11.138,89.787,134.231,155.373,160.686,88.667,2.611,4.294,204.385,26.125,565871408,,12386304,9563.345,1.0,2.322,66282710905,28727276437,f9fa7399f9cbc21b,d8670619b1c3d306,Apple M4 Max (Metal),
6,wasmz,scalar,1,121,18.763,20.587,48.575,82.81,89.638,95.984,49.706,1.82,1.769,229.275,22.312,554435352,,6291456,5488.239,1.0,2.269,38195317477,16916766520,a4d95f880db7a22b,33e4bacd203e3c72,Apple M4 Max (Metal),
6,tinywasm,simd128,0,121,1.533,5.219,191.624,394.359,18058.348,32958.171,622.452,5.94,23.753,218.559,33.31,520815312,,12386304,19521.083,1.0,3.129,189187859533,59384729920,f9fa7399f9cbc21b,d8670619b1c3d306,Apple M4 Max (Metal),
6,tinywasm,simd128,1,121,3.458,9.273,107.837,180.199,3476.51,12266.827,260.504,2.841,25.812,249.571,41.594,515916472,,6291456,10933.892,1.0,3.014,106439028319,35159633560,a4d95f880db7a22b,33e4bacd203e3c72,Apple M4 Max (Metal),
7,pulley,simd128,0,121,8.572,8.755,114.223,156.783,169.711,192.74,109.924,2.622,4.111,125.115,1686.717,540279552,,12386304,12074.521,1.0,2.655,94339692820,36340943760,f9fa7399f9cbc21b,d8670619b1c3d306,Apple M4 Max (Metal),
7,pulley,simd128,1,121,16.084,16.616,60.182,91.763,115.011,120.111,58.611,1.923,1.639,181.943,1905.993,530858752,,6291456,6684.631,1.0,2.481,53901605001,21925341691,a4d95f880db7a22b,33e4bacd203e3c72,Apple M4 Max (Metal),
7,wamr,simd128,0,121,10.97,10.848,92.187,127.644,147.108,164.205,84.299,2.722,4.137,86.438,62.107,522961640,,12386304,9568.835,1.0,2.495,65683854493,26397035884,f9fa7399f9cbc21b,d8670619b1c3d306,Apple M4 Max (Metal),
7,wamr,simd128,1,121,18.419,19.137,52.254,87.874,92.158,109.097,50.594,1.938,1.761,100.619,45.364,512590568,,6291456,5508.342,1.0,2.353,37889548828,16086320396,a4d95f880db7a22b,33e4bacd203e3c72,Apple M4 Max (Metal),
7,wasm3,scalar,0,121,15.255,15.347,65.161,92.108,95.476,104.352,58.769,2.605,4.177,111.14,2.421,523436752,,12386304,6778.419,1.0,2.377,43493716099,18384877599,f9fa7399f9cbc21b,d8670619b1c3d306,Apple M4 Max (Metal),
7,wasm3,scalar,1,121,25.661,29.156,34.298,64.76,79.933,88.452,35.387,1.887,1.696,124.153,1.966,515277520,,6291456,4045.467,0.9999,2.274,25607839029,11293061189,a4d95f880db7a22b,33e4bacd203e3c72,Apple M4 Max (Metal),
7,wasmedge,simd128,0,121,2.002,2.124,470.731,663.128,704.738,1889.147,492.366,2.741,4.28,597.48,54.926,534151960,,12386304,52236.336,1.0,3.244,466384189231,144039882161,f9fa7399f9cbc21b,d8670619b1c3d306,Apple M4 Max (Metal),
7,wasmedge,simd128,1,121,3.255,4.049,246.955,426.593,515.939,4749.654,303.531,1.993,1.735,754.304,66.464,529335040,,6291456,29227.177,1.0,3.172,268913307706,84777618117,a4d95f880db7a22b,33e4bacd203e3c72,Apple M4 Max (Metal),
7,zwasm,scalar,0,121,2.32,2.531,395.127,591.382,661.845,831.778,424.144,2.639,4.163,527.514,26.58,532792040,,12386304,46705.328,1.0,3.847,494687652793,128926346477,f9fa7399f9cbc21b,d8670619b1c3d306,Apple M4 Max (Metal),
7,zwasm,scalar,1,121,3.945,4.338,230.529,387.514,409.869,424.713,250.059,1.803,1.631,793.06,20.369,522486504,,6291456,27761.975,1.0,3.693,288526857605,78214680257,a4d95f880db7a22b,33e4bacd203e3c72,Apple M4 Max (Metal),
7,wasmz,scalar,0,121,10.686,11.095,90.13,132.934,144.232,157.678,86.862,2.645,4.07,198.552,33.892,566674224,,12386304,9985.403,1.0,2.346,66112674474,28276169044,f9fa7399f9cbc21b,d8670619b1c3d306,Apple M4 Max (Metal),
7,wasmz,scalar,1,121,18.555,19.892,50.271,89.498,97.583,106.141,50.503,1.822,1.569,156.823,19.459,554779440,,6291456,5889.328,1.0,2.307,38111790938,16577755490,a4d95f880db7a22b,33e4bacd203e3c72,Apple M4 Max (Metal),
7,tinywasm,simd128,0,121,4.726,4.915,203.455,309.495,479.877,499.218,204.912,2.62,4.059,177.42,39.494,525140712,,12386304,21881.395,1.0,3.142,189065867140,60167943985,f9fa7399f9cbc21b,d8670619b1c3d306,Apple M4 Max (Metal),
7,tinywasm,simd128,1,121,7.922,9.521,105.027,186.699,404.325,1157.7,122.703,1.949,1.585,313.914,68.522,514802384,,6291456,11464.669,1.0,3.033,106204149174,35311375552,a4d95f880db7a22b,33e4bacd203e3c72,Apple M4 Max (Metal),
8,pulley,simd128,0,121,8.033,8.163,122.5,163.586,260.148,263.311,117.488,2.852,4.151,180.389,2312.603,539771648,,12386304,12605.106,0.9999,2.667,94434311615,36170798147,f9fa7399f9cbc21b,d8670619b1c3d306,Apple M4 Max (Metal),
8,pulley,simd128,1,121,15.331,16.459,60.757,109.706,116.332,119.262,61.855,1.783,1.59,177.018,1707.54,530907904,,6291456,7231.022,0.9999,2.549,53770134410,21434586285,a4d95f880db7a22b,33e4bacd203e3c72,Apple M4 Max (Metal),
8,wamr,simd128,0,121,10.648,10.969,91.164,126.134,132.882,133.55,87.169,2.687,4.055,101.206,58.964,522142440,,12386304,10089.103,0.9999,2.537,65573907460,25814827858,f9fa7399f9cbc21b,d8670619b1c3d306,Apple M4 Max (Metal),
8,wamr,simd128,1,121,17.885,19.879,50.304,90.287,101.833,115.387,52.336,1.895,1.684,107.689,57.03,514622184,,6291456,6059.339,0.9999,2.409,37829661290,15699900346,a4d95f880db7a22b,33e4bacd203e3c72,Apple M4 Max (Metal),
8,wasm3,scalar,0,121,13.842,14.744,67.824,105.616,119.975,150.224,65.448,2.732,4.064,100.744,2.484,525140688,,12386304,7488.247,0.9999,2.418,43444708908,18066647655,f9fa7399f9cbc21b,d8670619b1c3d306,Apple M4 Max (Metal),
8,wasm3,scalar,1,121,22.729,23.826,41.971,69.418,83.354,84.879,39.867,2.367,1.763,113.664,2.056,515326672,,6291456,4244.829,0.9996,2.256,25613374081,11173014534,a4d95f880db7a22b,33e4bacd203e3c72,Apple M4 Max (Metal),
8,wasmedge,simd128,0,121,1.977,2.056,486.303,686.546,785.38,786.633,499.077,2.636,4.07,640.508,70.194,539919104,,12386304,54909.449,1.0,3.276,465866325874,142074896930,f9fa7399f9cbc21b,d8670619b1c3d306,Apple M4 Max (Metal),
8,wasmedge,simd128,1,121,3.369,3.671,272.401,463.571,484.799,583.379,293.263,1.866,1.697,877.846,72.218,529285888,,6291456,31725.401,1.0,3.204,268683563831,83929859059,a4d95f880db7a22b,33e4bacd203e3c72,Apple M4 Max (Metal),
8,zwasm,scalar,0,121,2.299,2.338,427.721,552.885,636.742,671.739,428.056,2.79,4.096,714.316,33.98,532775632,,12386304,45266.563,1.0,3.851,494478445946,128220847552,f9fa7399f9cbc21b,d8670619b1c3d306,Apple M4 Max (Metal),
8,zwasm,scalar,1,121,4.121,4.449,224.769,419.96,557.065,608.758,239.327,1.711,1.616,1020.123,21.302,522273488,,6291456,23738.864,1.0,3.663,288969596712,78862441987,a4d95f880db7a22b,33e4bacd203e3c72,Apple M4 Max (Metal),
8,wasmz,scalar,0,121,16.444,16.037,62.357,75.347,79.242,98.293,55.753,1.423,3.637,149.93,23.435,565953328,,12386304,6522.212,1.0,2.289,66446693662,28407443180,f9fa7399f9cbc21b,d8670619b1c3d306,Apple M4 Max (Metal),
8,wasmz,scalar,1,121,31.273,35.006,28.566,45.776,58.964,63.674,29.829,0.925,1.223,126.636,21.193,556630832,,6291456,3493.486,1.0,2.208,38739802210,17651208949,a4d95f880db7a22b,33e4bacd203e3c72,Apple M4 Max (Metal),
8,tinywasm,simd128,0,121,6.464,6.855,145.868,216.086,225.343,233.039,149.404,1.604,3.693,174.098,33.078,525173456,,12386304,17194.093,1.0,3.183,189268506532,59521889703,f9fa7399f9cbc21b,d8670619b1c3d306,Apple M4 Max (Metal),
8,tinywasm,simd128,1,121,10.361,10.452,95.674,127.092,134.716,138.886,93.942,1.167,1.411,171.165,39.595,512672464,,6291456,10739.332,1.0,3.081,106258117303,34404252505,a4d95f880db7a22b,33e4bacd203e3c72,Apple M4 Max (Metal),
9,pulley,simd128,0,121,8.388,11.894,84.073,420.424,656.419,830.118,111.53,2.388,5.305,189.752,1471.074,540295912,,12386304,8353.222,0.9999,2.656,94580989509,36016917331,f9fa7399f9cbc21b,d8670619b1c3d306,Apple M4 Max (Metal),
9,pulley,simd128,1,121,18.761,21.12,47.349,91.78,161.033,261.37,50.672,1.25,1.38,104.502,1157.876,530825984,,6291456,4278.948,0.9998,2.538,53878670583,21408502143,a4d95f880db7a22b,33e4bacd203e3c72,Apple M4 Max (Metal),
9,wamr,simd128,0,121,11.191,11.485,87.067,119.197,132.346,132.677,82.501,2.653,4.204,106.73,58.901,525353704,,12386304,9490.841,1.0,2.507,65699084482,26354608153,f9fa7399f9cbc21b,d8670619b1c3d306,Apple M4 Max (Metal),
9,wamr,simd128,1,121,18.996,20.043,49.893,83.743,87.817,93.577,49.265,1.819,1.558,129.339,51.179,512525032,,6291456,5724.377,0.9999,2.385,37866541825,15914020971,a4d95f880db7a22b,33e4bacd203e3c72,Apple M4 Max (Metal),
9,wasm3,scalar,0,121,18.317,18.392,54.371,77.553,85.477,102.899,50.073,1.889,2.634,101.453,2.252,522207928,,12386304,6046.256,0.9998,2.361,43786249306,18761789422,f9fa7399f9cbc21b,d8670619b1c3d306,Apple M4 Max (Metal),
9,wasm3,scalar,1,121,26.701,29.037,34.438,61.235,65.439,66.218,34.009,1.803,1.64,110.692,1.505,515392208,,6291456,4034.872,0.9999,2.292,25564580542,11102535900,a4d95f880db7a22b,33e4bacd203e3c72,Apple M4 Max (Metal),
9,wasmedge,simd128,0,121,1.921,2.077,481.422,719.252,761.177,781.471,513.653,2.708,4.076,633.704,65.663,542130944,,12386304,58892.735,1.0,3.299,465767312013,142015509459,f9fa7399f9cbc21b,d8670619b1c3d306,Apple M4 Max (Metal),
9,wasmedge,simd128,1,121,3.353,3.646,274.294,446.511,474.978,483.077,294.584,1.932,1.705,917.531,61.297,529285912,,6291456,33823.908,1.0,3.233,268384604869,83159763111,a4d95f880db7a22b,33e4bacd203e3c72,Apple M4 Max (Metal),
9,zwasm,scalar,0,121,2.209,2.327,429.76,600.825,635.248,651.777,445.992,2.613,4.017,666.364,31.633,532955880,,12386304,51313.39,1.0,3.904,494121235201,126994226261,f9fa7399f9cbc21b,d8670619b1c3d306,Apple M4 Max (Metal),
9,zwasm,scalar,1,121,3.649,4.119,242.757,405.093,439.02,442.106,270.481,1.933,1.618,936.306,20.906,523010792,,6291456,31214.056,1.0,3.75,288201133528,77000437330,a4d95f880db7a22b,33e4bacd203e3c72,Apple M4 Max (Metal),
9,wasmz,scalar,0,121,9.965,10.31,96.994,135.533,145.304,339.369,93.714,2.609,4.032,214.974,32.325,565920536,,12386304,10818.903,1.0,2.382,66014876848,27782057366,f9fa7399f9cbc21b,d8670619b1c3d306,Apple M4 Max (Metal),
9,wasmz,scalar,1,121,18.528,20.482,48.823,83.642,90.4,91.374,50.714,1.7,1.558,234.171,27.344,557564696,,6291456,6108.739,1.0,2.346,38048432528,16246941107,a4d95f880db7a22b,33e4bacd203e3c72,Apple M4 Max (Metal),
9,tinywasm,simd128,0,121,5.403,5.661,176.634,271.418,288.082,333.301,178.619,2.364,4.092,216.848,31.23,526451432,,12386304,20081.207,1.0,3.161,189182249808,60400933501,f9fa7399f9cbc21b,d8670619b1c3d306,Apple M4 Max (Metal),
9,tinywasm,simd128,1,121,9.165,9.818,101.85,166.072,176.027,176.607,105.841,1.766,1.503,160.905,40.585,517604048,,6291456,12226.463,1.0,3.092,106065195645,34424788912,a4d95f880db7a22b,33e4bacd203e3c72,Apple M4 Max (Metal),
10,pulley,simd128,0,121,8.837,9.18,108.929,151.437,161.847,163.101,106.627,2.482,4.057,151.453,1668.151,542917376,,12386304,12039.058,0.9999,2.681,94400154939,35620074039,f9fa7399f9cbc21b,d8670619b1c3d306,Apple M4 Max (Metal),
10,pulley,simd128,1,121,15.839,16.928,59.074,103.686,116.334,124.7,59.877,1.696,1.561,139.017,1815.118,530825984,,6291456,6892.199,1.0,2.538,53836535765,21520106749,a4d95f880db7a22b,33e4bacd203e3c72,Apple M4 Max (Metal),
10,wamr,simd128,0,121,11.594,11.67,85.689,111.575,132.116,135.545,79.714,2.514,4.026,61.895,27.733,525402856,,12386304,9348.115,1.0,2.523,65585910048,26153532445,f9fa7399f9cbc21b,d8670619b1c3d306,Apple M4 Max (Metal),
10,wamr,simd128,1,121,19.326,21.033,47.544,75.743,82.954,87.198,48.365,1.762,1.618,105.23,51.744,514540264,,6291456,5836.269,1.0,2.429,37806498861,15563049731,a4d95f880db7a22b,33e4bacd203e3c72,Apple M4 Max (Metal),
10,wasm3,scalar,0,121,15.534,16.369,61.09,86.28,95.072,98.041,57.909,2.499,3.966,101.087,1.625,524059344,,12386304,7044.316,0.9999,2.434,43387448690,17946750805,f9fa7399f9cbc21b,d8670619b1c3d306,Apple M4 Max (Metal),
10,wasm3,scalar,1,121,25.955,29.446,33.961,61.705,66.781,67.538,35.152,1.774,1.604,112.14,1.38,519652048,,6291456,4265.871,1.0,2.342,25560306260,10949410963,a4d95f880db7a22b,33e4bacd203e3c72,Apple M4 Max (Metal),
10,wasmedge,simd128,0,121,2.106,2.176,459.563,670.875,837.671,948.199,468.355,2.478,4.054,690.46,66.443,539820800,,12386304,50612.985,1.0,3.269,466624215834,143455720359,f9fa7399f9cbc21b,d8670619b1c3d306,Apple M4 Max (Metal),
10,wasmedge,simd128,1,121,3.463,3.842,260.267,428.314,457.652,479.464,285.412,1.809,1.579,575.4,63.061,529613568,,6291456,32970.165,1.0,3.216,268548611761,83664966940,a4d95f880db7a22b,33e4bacd203e3c72,Apple M4 Max (Metal),
10,zwasm,scalar,0,121,2.271,2.482,402.923,671.111,734.816,780.446,433.892,2.387,4.002,660.704,30.715,527303400,,12386304,49342.321,1.0,3.892,494445943625,127394421994,f9fa7399f9cbc21b,d8670619b1c3d306,Apple M4 Max (Metal),
10,zwasm,scalar,1,121,3.989,4.579,218.383,422.98,463.993,659.437,245.224,3.887,1.599,820.86,27.562,522601192,,6291456,25711.287,1.0,3.7,288304991131,77566036805,a4d95f880db7a22b,33e4bacd203e3c72,Apple M4 Max (Metal),
10,wasmz,scalar,0,121,11.109,11.665,85.724,133.703,142.629,190.906,83.669,2.344,4.004,167.58,28.016,566231856,,12386304,9597.482,0.9999,2.368,66135354234,28047350323,f9fa7399f9cbc21b,d8670619b1c3d306,Apple M4 Max (Metal),
10,wasmz,scalar,1,121,18.137,19.378,51.604,81.164,91.093,91.756,52.095,1.67,1.37,242.413,30.351,556614424,,6291456,6140.931,1.0,2.362,38137218328,16229570082,a4d95f880db7a22b,33e4bacd203e3c72,Apple M4 Max (Metal),
10,tinywasm,simd128,0,121,4.922,5.221,191.517,294.273,315.081,347.7,196.563,2.622,3.997,218.611,43.662,525550312,,12386304,22482.728,1.0,3.176,189030370315,59662412221,f9fa7399f9cbc21b,d8670619b1c3d306,Apple M4 Max (Metal),
10,tinywasm,simd128,1,121,8.638,9.406,106.318,170.258,181.21,185.932,112.351,1.915,1.508,269.521,40.853,515572432,,6291456,12970.878,1.0,3.089,106013206535,34404660511,a4d95f880db7a22b,33e4bacd203e3c72,Apple M4 Max (Metal),
