rep,runtime,case,ok,result,iterations,load_ns,min_ns,median_ns,p99_ns,cpu_user_ns,cpu_system_ns,p_cpu_ns,e_share,ipc,instructions,cycles,rss_peak_bytes,error,phys_footprint_bytes,phys_footprint_peak_bytes
0,pulley,fib,True,832040,21,2385791,48695292,87954042,120553125,1517126000,42613000,0,1.0,,7472884007,2545326901,7241728,,2687360,2720128
0,pulley,fib_tail,True,873876091,3057,2610500,251875,640667,1457542,1458583000,47459000,0,1.0,,6662107077,2069170294,7438336,,2818408,2851176
0,pulley,factorial,True,-2102132736,16384,1956833,208,375,833,8254000,428000,0,1.0,,36992010,13186247,7618560,,2867608,2900376
0,pulley,sieve,True,1229,1670,3653792,366084,804834,1565750,1140338000,35376000,0,1.0,,4958506981,1651882450,8683520,,3555736,3719576
0,pulley,crc32,True,-1910355869,535,3379583,2396667,4906667,8545291,2309890000,78189000,0,1.0,,12449959290,3248135131,8224768,,3146136,3260824
0,pulley,matmul_simd,True,48907,644,5315167,1630542,3036542,6018333,1781291000,54625000,0,1.0,,9647380707,2795987051,8667136,,3604864,3686784
0,pulley,matmul_fma,True,48907,1224,5961458,1202916,2480042,4304292,2747230000,83324000,0,1.0,,14908244035,3945886408,8716288,,3621224,3719552
0,pulley,convolution,True,8190685,431,4779167,3172916,6592750,9526250,2457599000,80429000,0,1.0,,12267696252,3406763025,8519680,,3408280,3572120
0,pulley,audio_dsp,True,761667740,1,3864375,1403684208,1403684208,1403684208,1248022000,37626000,0,1.0,,5328700640,1562184819,8044544,,3228056,3277208
0,pulley,bulk_memory,True,8698902,75,3326167,14923416,25642792,34541000,1657834000,48378000,0,1.0,,5716889330,2280773131,8896512,,3621272,3883416
0,pulley,call_indirect,True,-9175573,46,6280375,19525750,34415666,48190041,1393759000,41706000,0,1.0,,4084114186,1967048531,8978432,,3965336,4129176
0,pulley,factorial.scalar,True,-2102132736,16384,1189333,291,833,1041,12022000,412000,0,1.0,,41776736,15860466,7356416,,2834840,2867608
0,pulley,sieve.scalar,True,1229,5300,2758084,370459,947583,2087750,3963447000,123487000,0,1.0,,17446533025,5279870298,8536064,,3604888,3768728
0,pulley,crc32.scalar,True,-1910355869,333,3481208,2391709,5162792,8061833,1490439000,47513000,0,1.0,,7784393813,2039687821,8011776,,3080600,3195288
0,pulley,convolution.scalar,True,8190685,235,1850542,6113583,13215583,18210000,2692000000,80852000,0,1.0,,15548165614,3735746308,7929856,,3047808,3228056
0,pulley,bulk_memory.scalar,True,8698902,76,6193917,13674709,26263708,33251166,1719839000,54562000,0,1.0,,5949639923,2336997383,8650752,,3588480,3867032
0,pulley,xmrsplayer,True,53357764,207,276223417,8947083,17452000,24470500,3194944000,99222000,0,1.0,,12314496538,4485832715,37109760,,16056728,31670704
0,pulley,vtable_mono,True,-318559695,32,11201125,42444583,59063167,74964083,1705387000,50623000,0,1.0,,5475689458,2384532419,9666560,,4555160,4719000
0,pulley,vtable_bi,True,-208336512,25,9749750,47241459,63975417,74653833,1368354000,43526000,0,1.0,,4426316247,1923747745,9650176,,4522368,4686208
0,pulley,vtable_poly4,True,-126115384,33,10340625,44652584,63027541,86129458,1777870000,46650000,0,1.0,,6012554391,2567073674,9682944,,4522368,4719000
0,pulley,vtable_poly6,True,579248763,48,9446125,45266084,68980458,91636583,2896481000,91746000,0,1.0,,9597502464,4123581725,9682944,,4538776,4719000
0,pulley,graphql_as,True,5,177,173878375,5883541,10561625,18425959,1667230000,56344000,0,1.0,,6119734034,2404549641,16154624,,10650008,11075992
0,pulley,tailcall_fsm,True,-1841735369,398,5519500,2558125,5538291,13351500,1864586000,58321000,0,1.0,,6377574835,2700277312,8421376,,3473792,3572096
0,pulley,eh_parser_exnref,True,830008030,178,5544750,9074583,18921917,24955333,2967047000,88053000,0,1.0,,10208755822,4237129511,9175040,,3834264,4211120
0,pulley,eh_parser_legacy,False,,,,,,,,,,,,,,,Module::from_binary failed — invalid wasm or unsupported feature?: failed to compile: wasm[0]::function[6]: WebAssembly translation error: Unsupported feature: operator Try { blockty: Empty },,
0,pulley,gc_trees,True,-81253392,14,5191541,125449083,146377416,156977292,1774879000,54718000,0,1.0,,7465487541,2481581399,9945088,,3981672,5079424
0,pulley,callref_dispatch,True,-750120562,58,4546042,20756250,30677500,40892000,1601911000,50555000,0,1.0,,4180392717,2221266725,8339456,,3522944,3555712
0,pulley,callref_dispatch.indirect,True,-750120562,56,4759167,16829583,29945250,42568333,1457648000,42923000,0,1.0,,3863179889,1996127839,8044544,,3277184,3309952
0,pulley,relaxed_dot,True,-551922832,326,6489583,3164917,6989958,9594125,1988211000,61054000,0,1.0,,9277378348,2690995600,9224192,,3965336,4161944
0,pulley,relaxed_madd,True,-1435646925,4790,6927583,163791,416250,1022750,1483063000,45815000,0,1.0,,6437557666,2107232236,9388032,,4080024,4293016
0,pulley,mem64_chase,True,433527714,19,8449250,54069167,80743834,181205333,1355063000,47117000,0,1.0,,1359703771,1994273745,74776576,,2851176,70025624
0,pulley,mem64_chase.mem32,True,433527714,20,2024333,44279417,92983166,113742333,1474572000,44705000,0,1.0,,961182835,2069704540,74743808,,2851200,70025648
0,pulley,multimem_transform,True,902712413,222,3547667,3607250,6987250,13174250,1317475000,43795000,0,1.0,,7162600587,2012720955,8159232,,2998656,3408304
0,pulley,multimem_transform.single,True,902712413,218,2004375,5195292,10616750,15936375,1919998000,90081000,0,1.0,,9449217244,2825916111,8060928,,2883920,3277160
0,pulley,extconst_init,True,-1152068691,8311,862885125,56458,85333,589792,758740000,152272000,513542,0.9994,,4000195983,1467815743,52117504,,47055280,47235504
0,pulley,extconst_init.mvp,True,-1152068691,16384,76389458,34333,63459,414000,881468000,380128000,1680292,0.9987,,4642642604,1974789386,13549568,,8536472,8749464
0,pulley,graphql_porf,True,0,130,304091583,7629500,12828250,23184959,1170853000,343129000,5426916,0.9964,,4108635247,2178060042,34603008,,18710936,29131208
0,pulley,graphql_porf_trycatch,False,,,,,,,,,,,,,,,graphql-validation-porf: Module::from_binary failed: failed to compile: wasm[0]::function[30]: WebAssembly translation error: Unsupported feature: operator Try { blockty: Empty },,
0,pulley,sqlite3,True,0,1,2650920542,46536814084,46536814084,46536814084,36604405000,1456727000,58167,1.0,,152050217907,62133466251,83083264,,57557424,77119944
0,wamr,fib,True,832040,17,1840875,84761375,116003042,125854291,1747712000,57142000,0,1.0,,8808406574,2747029575,11845632,,2277736,10682752
0,wamr,fib_tail,True,873876091,2007,818333,386791,681000,1995000,1317003000,48196000,0,1.0,,4655887347,2109103021,11878400,,2326912,10715520
0,wamr,factorial,True,-2102132736,16384,1792292,166,583,792,9300000,878000,102917,0.9899,,42023619,12800483,11976704,,2425192,10797416
0,wamr,sieve,True,1229,3978,1158500,259291,388042,1662959,1630730000,63888000,0,1.0,,9353658332,2797187130,11911168,,2310504,10731904
0,wamr,crc32,True,-1910355869,648,1144958,1966083,3898542,6980583,2260030000,85270000,0,1.0,,8708529519,3374746045,11960320,,2294120,10781056
0,wamr,matmul_simd,True,48907,1054,1726875,1311750,2074084,6022166,2088335000,65755000,0,1.0,,13850981201,3741959045,11943936,,2326912,10764672
0,wamr,matmul_fma,True,48907,1365,1660000,983375,1983417,4361750,2436913000,77551000,0,1.0,,13482242115,3606671235,11943936,,2326912,10764672
0,wamr,convolution,True,8190685,761,1489833,2087291,4101375,6932917,2750138000,104532000,0,1.0,,13824591990,4277480488,12009472,,2294120,10813800
0,wamr,audio_dsp,True,761667740,2,1508833,868314084,887079292,887079292,1476449000,54823000,56875,1.0,,5370390731,2369900222,11894784,,2310528,10715520
0,wamr,bulk_memory,True,8698902,156,1576333,5360250,11128417,16114375,1541421000,47313000,0,1.0,,5814663881,2175414888,12058624,,2310528,10862976
0,wamr,call_indirect,True,-9175573,146,1238250,10638334,19426750,29379584,2319737000,83242000,0,1.0,,9420801698,3723921517,11960320,,2343272,10764672
0,wamr,factorial.scalar,True,-2102132736,16384,2692500,167,333,458,5945000,631000,0,1.0,,36747312,12942284,12009472,,2458008,10813824
0,wamr,sieve.scalar,True,1229,6372,864667,273125,366542,1871292,2500959000,119823000,0,1.0,,12260692014,4840670462,11960320,,2392472,10764672
0,wamr,crc32.scalar,True,-1910355869,504,1220958,1957500,4308917,12487041,1648987000,75048000,0,1.0,,6825728890,2687789512,11976704,,2310528,10781056
0,wamr,convolution.scalar,True,8190685,109,1764375,8808916,15525958,24823375,1208287000,56300000,0,1.0,,3823330120,1780687519,12025856,,2277736,10813824
0,wamr,bulk_memory.scalar,True,8698902,199,1446792,6659417,12628917,31105958,1842228000,81944000,0,1.0,,7579772750,2985839845,12075008,,2310528,10862976
0,wamr,xmrsplayer,True,2023360416,107,10167833,6841791,14017333,27693625,1098125000,49594000,0,1.0,,5228515843,1802639173,28491776,,3441024,26952064
0,wamr,vtable_mono,True,-318559695,61,2034167,23036000,35670667,54240125,1536105000,70705000,0,1.0,,7551110437,2354508065,11976704,,2359656,10781056
0,wamr,vtable_bi,True,-208336512,76,1748917,24328167,43171834,57702459,2307709000,109559000,0,1.0,,10500918092,3442911223,11976704,,2376064,10781056
0,wamr,vtable_poly4,True,-126115384,33,2441625,21633833,34640084,55764292,837865000,48822000,122375,0.9999,,4699204612,1681631247,12009472,,2376064,10797440
0,wamr,vtable_poly6,True,579248763,29,4087625,25269125,50166167,79403625,818322000,60734000,0,1.0,,4284471994,1630600693,12009472,,2359656,10797440
0,wamr,graphql_as,True,5,463,3815292,3091292,8425416,26392958,2848347000,196083000,0,1.0,,12881779142,5381387641,12730368,,3031448,11469208
0,wamr,tailcall_fsm,True,-1841735369,206,2034125,5150666,10462250,28837375,1505927000,98675000,0,1.0,,10146839476,2898963399,12058624,,2376064,10830208
0,wamr,eh_parser_exnref,False,,,,,,,,,,,,,,,wasm_runtime_load failed: WASM module load failed: unsupported opcode 1f,,
0,wamr,eh_parser_legacy,True,830008030,174,1107583,7477334,13532458,25949959,1776760000,126227000,0,1.0,,9076606438,3148018971,12124160,,2408856,10846592
0,wamr,gc_trees,False,,,,,,,,,,,,,,,wasm_runtime_load failed: WASM module load failed: invalid type flag,,
0,wamr,callref_dispatch,False,,,,,,,,,,,,,,,wasm_runtime_load failed: WASM module load failed: incompatible import type,,
0,wamr,callref_dispatch.indirect,True,-750120562,136,128375,11062000,17972166,32096250,1870367000,122054000,0,1.0,,8876781519,3576828428,3489792,,2294144,2294144
0,wamr,relaxed_dot,True,-551922832,901,1581792,1190792,2280875,8263000,1531467000,123795000,0,1.0,,8375335571,2929471634,11976704,,2310528,10764672
0,wamr,relaxed_madd,True,-1435646925,1320,1791583,193667,321791,2424541,390949000,23804000,0,1.0,,2403403408,712338541,12075008,,2310504,10830208
0,wamr,mem64_chase,False,,,,,,,,,,,,,,,wasm_runtime_load failed: WASM module load failed: invalid limits flags,,
0,wamr,mem64_chase.mem32,True,433527714,16,1779834,40347125,54786417,116207333,710433000,49899000,733250,0.999,,510468243,1275833292,78987264,,2294144,77824432
0,wamr,multimem_transform,False,,,,,,,,,,,,,,,wasm_runtime_load failed: WASM module load failed: multiple memories,,
0,wamr,multimem_transform.single,True,902712413,938,1335792,1914959,3263125,9048167,2620719000,156385000,0,1.0,,14020457712,4950050185,12255232,,2310528,11043200
0,wamr,extconst_init,True,-1152068691,5786,3322333,253209,428375,1884125,2267807000,229515000,406083,0.9998,,12527623649,4273224942,5488640,,4129176,4145560
0,wamr,extconst_init.mvp,True,-1152068691,16384,1302666,45875,61416,352750,1111763000,184517000,554541,0.9996,,7039856490,2206862953,4210688,,2916760,2933144
0,wamr,graphql_porf,True,0,244,7093292,4521208,8575667,35558875,1288640000,512538000,8082417,0.9955,,8434066065,3275815074,20135936,,4653464,18743704
0,wamr,graphql_porf_trycatch,True,0,213,9236584,4520459,6942916,43446458,1024552000,426363000,6035916,0.9958,,7513659370,2963347032,20168704,,4538776,18809240
0,wamr,sqlite3,False,,,,,,,,,,,,,,,N/A — the harness only has a WASI preview-1 + bench.* import shim for Pulley,,
0,wasm3,fib,True,832040,21,172334,52622334,82389250,108865417,1339173000,64709000,0,1.0,,7797452812,2444523502,4554752,,3473816,3473816
0,wasm3,fib_tail,True,873876091,7939,212625,251166,489833,2380167,3484942000,164827000,0,1.0,,12533983664,5439178157,4636672,,3539352,3539352
0,wasm3,factorial,False,,,,,,,,,,,,,,,wasm3 m3_FindFunction(factorial) failed: compiling function underran the stack,,
0,wasm3,sieve,False,,,,,,,,,,,,,,,wasm3 m3_FindFunction(sieve) failed: incorrect type on stack,,
0,wasm3,crc32,False,,,,,,,,,,,,,,,wasm3 m3_FindFunction(crc32) failed: compiling function underran the stack,,
0,wasm3,matmul_simd,False,,,,,,,,,,,,,,,wasm3 m3_FindFunction(matmul) failed: unknown type,,
0,wasm3,matmul_fma,False,,,,,,,,,,,,,,,wasm3 m3_FindFunction(matmul_fma) failed: unknown type,,
0,wasm3,convolution,False,,,,,,,,,,,,,,,wasm3 m3_FindFunction(convolve) failed: incorrect type on stack,,
0,wasm3,audio_dsp,True,761667740,4,258958,372547709,519701834,651732584,1559505000,71483000,0,1.0,,8057459687,2764305797,4653056,,3572120,3572120
0,wasm3,bulk_memory,False,,,,,,,,,,,,,,,wasm3 m3_FindFunction(bulk_memory) failed: unknown label,,
0,wasm3,call_indirect,True,-9175573,273,174708,6463959,13446084,30477750,2719428000,123523000,0,1.0,,12211912197,4455756466,4669440,,3539328,3539328
0,wasm3,factorial.scalar,True,-2102132736,16384,246708,83,166,209,3175000,190000,0,1.0,,25413115,7324607,4718592,,3604888,3604888
0,wasm3,sieve.scalar,True,1229,9445,365833,128667,298750,1947834,2262625000,102559000,0,1.0,,12972052638,3329879878,4718592,,3621272,3621272
0,wasm3,crc32.scalar,True,-1910355869,1413,678083,1110792,2142583,7027500,2577091000,120894000,0,1.0,,14396822374,4303683030,4653056,,3555736,3555736
0,wasm3,convolution.scalar,True,8190685,250,162500,3049250,5088583,13342792,1045347000,48191000,0,1.0,,7137142154,2059035540,4734976,,3604888,3604888
0,wasm3,bulk_memory.scalar,True,8698902,284,529375,3307458,6721292,14033333,1500213000,72818000,0,1.0,,7976572331,2572234915,4784128,,3654016,3654016
0,wasm3,xmrsplayer,True,-1078819143,252,2608000,3603041,6383792,14233750,1318994000,58606000,0,1.0,,6787285346,2452137205,22953984,,21512600,21512600
0,wasm3,vtable_mono,True,-318559695,133,151042,13206875,25943167,47625709,2401299000,109563000,0,1.0,,12529166292,3552438073,4653056,,3555736,3555736
0,wasm3,vtable_bi,True,-208336512,93,282000,17712250,27439417,76301875,1702195000,79915000,0,1.0,,9633097842,2821075501,4653056,,3555736,3555736
0,wasm3,vtable_poly4,True,-126115384,93,211000,17196375,27967375,47853250,1851669000,88948000,0,1.0,,9875402722,2870124009,4669440,,3555736,3555736
0,wasm3,vtable_poly6,True,579248763,46,477666,19084417,32201875,91797750,1043061000,46097000,0,1.0,,5066086678,1618295054,4669440,,3555736,3555736
0,wasm3,graphql_as,True,5,227,3143750,3210584,8445708,19516583,1242026000,58997000,0,1.0,,4504718570,1832971579,4390912,,3195264,3195264
0,wasm3,tailcall_fsm,True,-1841735369,554,77708,2531500,6299958,12033833,2516523000,118961000,0,1.0,,9859334326,3432564512,3719168,,2605464,2605464
0,wasm3,eh_parser_exnref,False,,,,,,,,,,,,,,,wasm3 m3_ParseModule failed: out of order Wasm section,,
0,wasm3,eh_parser_legacy,False,,,,,,,,,,,,,,,wasm3 m3_ParseModule failed: out of order Wasm section,,
0,wasm3,gc_trees,False,,,,,,,,,,,,,,,wasm3 m3_ParseModule failed: malformed Wasm binary,,
0,wasm3,callref_dispatch,False,,,,,,,,,,,,,,,wasm3 m3_ParseModule failed: unknown value_type,,
0,wasm3,callref_dispatch.indirect,True,-750120562,146,46584,8889208,16276833,27135666,1734493000,83690000,0,1.0,,7085522000,2480685373,3506176,,2408856,2408856
0,wasm3,relaxed_dot,False,,,,,,,,,,,,,,,wasm3 m3_FindFunction(relaxed_dot) failed: unknown type,,
0,wasm3,relaxed_madd,False,,,,,,,,,,,,,,,wasm3 m3_FindFunction(relaxed_madd) failed: unknown type,,
0,wasm3,mem64_chase,False,,,,,,,,,,,,,,,wasm3 m3_ParseModule failed: malformed Wasm binary,,
0,wasm3,mem64_chase.mem32,True,433527714,39,12781334,42487708,57425083,133967167,1725565000,77792000,0,1.0,,1079397642,2486808289,70647808,,69566896,69566896
0,wasm3,multimem_transform,False,,,,,,,,,,,,,,,wasm3 m3_ParseModule failed: only one memory per module is supported,,
0,wasm3,multimem_transform.single,True,902712413,955,89750,1215084,3177083,8570750,2214033000,97545000,0,1.0,,11648508307,3159009589,3932160,,2818432,2818432
0,wasm3,extconst_init,True,-1152068691,113,86833,6359791,12927375,36905500,1071650000,40514000,0,1.0,,6649318840,2155367584,5029888,,3735936,3735936
0,wasm3,extconst_init.mvp,True,-1152068691,195,30000,5229750,8655708,18073084,1354757000,51684000,0,1.0,,5401872460,2298086742,4882432,,3670424,3670424
0,wasm3,graphql_porf,False,,,,,,,,,,,,,,,wasm3 m3_ParseModule failed: out of order Wasm section,,
0,wasm3,graphql_porf_trycatch,False,,,,,,,,,,,,,,,wasm3 m3_ParseModule failed: out of order Wasm section,,
0,wasm3,sqlite3,False,,,,,,,,,,,,,,,N/A — the harness only has a WASI preview-1 + bench.* import shim for Pulley,,
0,wasmedge,fib,True,832040,3,919125,602840333,628585916,766536375,1342768000,47246000,0,1.0,,8340755634,2319761235,4620288,,2982272,2982272
0,wasmedge,fib_tail,True,873876091,367,592292,2655791,5680500,14773958,1539831000,61497000,0,1.0,,8957151101,2585772830,4685824,,3047808,3047808
0,wasmedge,factorial,True,-2102132736,16384,1041250,3000,4459,28666,60909000,25361000,0,1.0,,462026606,140446175,4816896,,3211672,3211672
0,wasmedge,sieve,True,1229,485,664125,1832333,3479458,7631625,1371043000,51375000,0,1.0,,8702748631,2398861303,4767744,,3080576,3113368
0,wasmedge,crc32,True,-1910355869,68,858250,18132375,28885459,45188042,1575816000,57194000,0,1.0,,9046749973,2701906918,4800512,,3047808,3146136
0,wasmedge,matmul_simd,True,48907,131,2653750,12605917,18643584,34250750,1840044000,69894000,0,1.0,,11589845151,3223625063,4833280,,3129728,3195288
0,wasmedge,matmul_fma,True,48907,122,1014667,8698708,14938583,25206166,1341363000,49597000,0,1.0,,7877726964,2252423748,4833280,,3113320,3178880
0,wasmedge,convolution,True,8190685,60,584916,18977625,27798542,41962875,1207283000,49532000,0,1.0,,6944553169,2032553429,4866048,,3064192,3211672
0,wasmedge,audio_dsp,True,761667740,1,476459,5525831750,5525831750,5525831750,4024782000,227226000,0,1.0,,25759660200,7405027268,4718592,,3015016,3047808
0,wasmedge,bulk_memory,True,8698902,28,439417,47344917,77094166,117482709,1461912000,82393000,0,1.0,,9255642067,2587986040,4915200,,3064192,3244440
0,wasmedge,call_indirect,True,-9175573,21,529666,56702292,87806167,119998958,1358632000,77526000,0,1.0,,8164898085,2530449737,4751360,,3064192,3096984
0,wasmedge,factorial.scalar,True,-2102132736,16384,762958,3458,3708,36208,65720000,24445000,0,1.0,,542685862,165340270,4833280,,3178880,3178880
0,wasmedge,sieve.scalar,True,1229,372,2176083,2085916,3575583,8060792,1093850000,60913000,0,1.0,,7014706506,1995752110,4751360,,3064192,3096984
0,wasmedge,crc32.scalar,True,-1910355869,51,1459458,21769625,32723459,44041917,1129813000,76525000,0,1.0,,6906320732,2088784824,4800512,,3047808,3146136
0,wasmedge,convolution.scalar,True,8190685,28,416666,44775000,66481292,125040916,1246846000,69998000,0,1.0,,7778797423,2293441968,4882432,,3031400,3178880
0,wasmedge,bulk_memory.scalar,True,8698902,20,792041,63793000,85897000,107820417,1217791000,72268000,0,1.0,,6964822418,1943478875,4931584,,3064192,3244440
0,wasmedge,xmrsplayer,True,-613391078,30,6626750,55026833,72681000,261095416,1691845000,65448000,0,1.0,,10261822532,3032709684,24477696,,7340440,22495664
0,wasmedge,vtable_mono,True,-318559695,18,696541,85587166,148132417,445786791,1343310000,68686000,0,1.0,,9742788299,3108212641,4898816,,3211648,3244440
0,wasmedge,vtable_bi,True,-208336512,10,598625,109396416,155575417,342052041,931672000,29168000,0,1.0,,7487610808,2169170322,4915200,,3228032,3260824
0,wasmedge,vtable_poly4,True,-126115384,18,1157792,115942583,199721958,415480125,2059839000,76022000,0,1.0,,13891470044,4242041058,4947968,,3211648,3260824
0,wasmedge,vtable_poly6,True,579248763,10,464834,121240208,202942583,273061375,1399840000,47784000,0,1.0,,8313642808,2536702862,4947968,,3211648,3260824
0,wasmedge,graphql_as,True,5,60,4758875,25783041,33026667,82358167,1749759000,57365000,0,1.0,,12852402134,3941167992,7159808,,5226880,5407128
0,wasmedge,tailcall_fsm,True,-1841735369,61,865291,17692083,26636667,295113875,1450210000,45636000,0,1.0,,10243268090,2746187424,4947968,,3178880,3260824
0,wasmedge,eh_parser_exnref,True,830008030,45,448333,29169834,46938916,91656500,1750878000,67135000,0,1.0,,10960321001,3230705007,5144576,,3326360,3424688
0,wasmedge,eh_parser_legacy,False,,,,,,,,,,,,,,,"WasmEdge VMLoadWasmFromBytes: illegal opcode
loading failed: illegal opcode, Code: 0x117
    Bytecode offset: 0x00000171
    At AST node: instruction
    At AST node: expression
    At AST node: code segment
    At AST node: code section
    At AST node: module",,
0,wasmedge,gc_trees,True,-81253392,17,323791,108383834,156355875,202112250,2091260000,136457000,313000,0.9999,,13041420639,3834075914,296632320,,144753216,295125592
0,wasmedge,callref_dispatch,True,-750120562,26,305584,53868292,86353625,169601583,1815947000,82656000,0,1.0,,10920678750,3211885876,4702208,,3031400,3031400
0,wasmedge,callref_dispatch.indirect,True,-750120562,27,1118959,49429750,61675375,110408209,1526481000,71397000,0,1.0,,11013384647,3233821547,4702208,,3031400,3031400
0,wasmedge,relaxed_dot,True,-551922832,493,473416,3190375,6595083,13121083,2563509000,153277000,0,1.0,,14439236124,4167135137,4898816,,3113320,3195264
0,wasmedge,relaxed_madd,True,-1435646925,644,873292,1373667,2543250,6685708,1414573000,85424000,0,1.0,,8254401821,2440504084,4997120,,3129728,3260824
0,wasmedge,mem64_chase,True,433527714,17,14820000,93730458,109016250,128921708,1553513000,80480000,0,1.0,,6216427538,2630472537,71811072,,70156720,70156720
0,wasmedge,mem64_chase.mem32,True,433527714,20,376166,84129792,114084875,137049041,1768817000,99526000,0,1.0,,6444978699,2860453274,71794688,,2998656,70140336
0,wasmedge,multimem_transform,True,902712413,50,773541,21040375,30976500,241188791,1241125000,62818000,0,1.0,,9043675878,2534057675,5062656,,3031448,3424736
0,wasmedge,multimem_transform.single,True,902712413,92,324166,19790458,29714083,284820666,2106765000,101620000,0,1.0,,16689393419,4693141860,5046272,,3015040,3375512
0,wasmedge,extconst_init,True,-1152068691,313,5755667,5970000,10711875,302930167,1280254000,1052847000,714417,0.9997,,14374056573,5075186013,8142848,,6390168,6422960
0,wasmedge,extconst_init.mvp,True,-1152068691,308,5455250,5347333,9541583,94250417,915266000,912635000,1162292,0.9994,,13382037167,4518648744,6832128,,5144984,5177776
0,wasmedge,graphql_porf,True,0,98,4919292,21101709,37730458,319681667,2621538000,344627000,4516875,0.9985,,16180051622,5256924113,18743296,,7061912,16974256
0,wasmedge,graphql_porf_trycatch,False,,,,,,,,,,,,,,,"WasmEdge LoaderParseFromBytes: illegal opcode
loading failed: illegal opcode, Code: 0x117
    Bytecode offset: 0x0000fa34
    At AST node: instruction
    At AST node: expression
    At AST node: code segment
    At AST node: code section
    At AST node: module",,
0,wasmedge,sqlite3,False,,,,,,,,,,,,,,,N/A — the harness only has a WASI preview-1 + bench.* import shim for Pulley,,
0,zwasm,fib,True,832040,2,1159541,666652916,674655041,674655041,1115258000,39504000,0,1.0,,6639448709,1831081914,5423104,,3342744,4047256
0,zwasm,fib_tail,True,873876091,332,516625,2144542,3874958,8318333,1165837000,41481000,0,1.0,,8512247104,1891543797,5472256,,3375512,4080024
0,zwasm,factorial,False,,,,,,,,,,,,,,,init warmup failed: `factorial(20)` trapped: trap: unreachable,,
0,zwasm,sieve,False,,,,,,,,,,,,,,,init warmup failed: `sieve(10000)` trapped: trap: unreachable,,
0,zwasm,crc32,False,,,,,,,,,,,,,,,init warmup failed: `crc32(12648430)` trapped: trap: unreachable,,
0,zwasm,matmul_simd,False,,,,,,,,,,,,,,,init warmup failed: `matmul(48879)` trapped: trap: unreachable,,
0,zwasm,matmul_fma,False,,,,,,,,,,,,,,,init warmup failed: `matmul_fma(48879)` trapped: trap: unreachable,,
0,zwasm,convolution,False,,,,,,,,,,,,,,,init warmup failed: `convolve(51966)` trapped: trap: unreachable,,
0,zwasm,audio_dsp,True,761667740,1,516334,5420757875,5420757875,5420757875,3622033000,216538000,0,1.0,,28741032596,6559370797,5472256,,3359128,4063640
0,zwasm,bulk_memory,False,,,,,,,,,,,,,,,init warmup failed: `bulk_memory(45260)` trapped: trap: unreachable,,
0,zwasm,call_indirect,True,-9175573,14,290958,85541666,102171375,147168250,1088284000,70777000,0,1.0,,5867607999,1812283353,5521408,,3391896,4096408
0,zwasm,factorial.scalar,True,-2102132736,16384,846333,1625,1833,25250,45287000,3639000,0,1.0,,324009242,82422152,5586944,,3473792,4194712
0,zwasm,sieve.scalar,True,1229,1047,317125,1680417,3068625,11003833,2664213000,188492000,0,1.0,,21810603591,4932411498,5521408,,3375488,4096408
0,zwasm,crc32.scalar,True,-1910355869,83,322750,13497125,25830459,44819625,1615846000,131148000,0,1.0,,11997225934,2789385816,5554176,,3359128,4129176
0,zwasm,convolution.scalar,True,8190685,28,407583,38365417,61213459,87034708,1285921000,79138000,0,1.0,,9444237070,2123006549,5603328,,3342744,4161944
0,zwasm,bulk_memory.scalar,True,8698902,22,437458,41802167,74394583,96921708,1099317000,66993000,0,1.0,,8573879636,1941354495,5636096,,3359128,4211096
0,zwasm,xmrsplayer,True,741914787,24,2233542,43673792,64760375,127822584,1173295000,67638000,0,1.0,,8680300852,2259653350,23904256,,6275456,22151600
0,zwasm,vtable_mono,True,-318559695,15,277333,109998958,150255709,318029834,1568710000,87777000,0,1.0,,9774752636,3207903104,5521408,,3408280,4112792
0,zwasm,vtable_bi,True,-208336512,15,275000,113089917,178386125,373742458,1668969000,87068000,0,1.0,,12734335389,3778537885,5521408,,3408280,4112792
0,zwasm,vtable_poly4,True,-126115384,13,733375,114943459,183155416,336925583,1756608000,57491000,0,1.0,,11347995933,3406049081,5570560,,3391872,4129176
0,zwasm,vtable_poly6,True,579248763,9,419333,149539125,179066834,240058542,1178119000,67956000,0,1.0,,8476432570,2601855917,5586944,,3424664,4161968
0,zwasm,graphql_as,True,5,78,26853708,22568000,40091542,400291875,2149419000,124537000,0,1.0,,17105432420,4837768699,6881280,,4440448,5390768
0,zwasm,tailcall_fsm,True,-1841735369,47,297209,25778125,48194333,83632292,1562698000,103414000,155584,0.9999,,9280795216,2732835292,160006144,,157876752,158630416
0,zwasm,eh_parser_exnref,True,830008030,30,604417,43195166,74672042,261737833,1592655000,84701000,47500,1.0,,8201583924,2786675250,19070976,,16794008,17596848
0,zwasm,eh_parser_legacy,False,,,,,,,,,,,,,,,wasm_module_new failed (invalid wasm or unsupported feature),,
0,zwasm,gc_trees,False,,,,,,,,,,,,,,,N/A — not run: zwasm v2.7.0 never reclaims GC structs and grows its GC heap far faster than the allocation rate (124 MB for 31K 24-byte structs); the process segfaults at ~2.3 GB,,
0,zwasm,callref_dispatch,True,-750120562,18,336375,66814375,99252500,150210875,1216551000,54139000,0,1.0,,8238245456,2384054093,5455872,,3342744,4047256
0,zwasm,callref_dispatch.indirect,True,-750120562,18,213667,69524125,100420500,281024625,1356014000,59684000,0,1.0,,8015837100,2332788153,5455872,,3359128,4063640
0,zwasm,relaxed_dot,False,,,,,,,,,,,,,,,init warmup failed: `relaxed_dot(7)` trapped: trap: unreachable,,
0,zwasm,relaxed_madd,False,,,,,,,,,,,,,,,init warmup failed: `relaxed_madd(7)` trapped: trap: unreachable,,
0,zwasm,mem64_chase,True,433527714,27,8221500,81331375,106237709,328309958,2010410000,97420000,0,1.0,,9156941092,3875987245,72597504,,70500808,71221728
0,zwasm,mem64_chase.mem32,True,433527714,19,253083,64293458,101741917,160831750,1389622000,54846000,0,1.0,,6424922657,2472588742,72597504,,3375512,71205320
0,zwasm,multimem_transform,True,902712413,109,538750,15483583,21332458,44819167,2071844000,94621000,0,1.0,,19891577588,4349640155,5849088,,3359104,4424112
0,zwasm,multimem_transform.single,True,902712413,75,404708,15419708,28324000,126909084,1725085000,100456000,0,1.0,,13706161178,2984710094,5816320,,3359128,4374912
0,zwasm,extconst_init,True,-1152068691,1663,2655042,959917,1887000,5281792,2368077000,544171000,2229583,0.9992,,14395083167,4486827870,2750693376,,956718568,2781379072
0,zwasm,extconst_init.mvp,True,-1152068691,1245,2610458,490042,943750,2498000,796396000,330598000,1732458,0.9985,,5770257381,1765515293,2061615104,,273438432,2084293576
0,zwasm,graphql_porf,True,0,46,2262208,25185750,36206500,50032916,1338382000,180517000,312292,0.9998,,7803361782,2448951269,614744064,,137560736,614106936
0,zwasm,graphql_porf_trycatch,False,,,,,,,,,,,,,,,wasm_module_new failed (invalid wasm or unsupported feature),,
0,zwasm,sqlite3,False,,,,,,,,,,,,,,,N/A — the harness only has a WASI preview-1 + bench.* import shim for Pulley,,
0,wasmz,fib,True,832040,23,456250,62743250,89775084,101324375,1679225000,85968000,14583,1.0,,7794428029,2868888301,5734400,,2523520,4227480
0,wasmz,fib_tail,True,873876091,2223,571333,269041,517500,1930875,1026934000,78310000,153209,0.9999,,4023766557,1663193291,5832704,,2539880,4325784
0,wasmz,factorial,True,-2102132736,16384,389083,3166,8167,49875,26252000,101065000,363417,0.9971,,342706719,164486636,5816320,,2687384,4293016
0,wasmz,sieve,False,,,,,,,,,,,,,,,N/A — not run: wasmz v0.1.4 segfaults on this module's v128 ops (the scalar build runs),,
0,wasmz,crc32,False,,,,,,,,,,,,,,,N/A — not run: wasmz v0.1.4 segfaults on this module's v128 ops (the scalar build runs),,
0,wasmz,matmul_simd,True,48907,764,288042,2331125,4252709,8693708,2858702000,163675000,48292,1.0,,16611436601,4860034957,5849088,,2539904,4325784
0,wasmz,matmul_fma,True,48907,1055,225500,1578292,2243667,8314750,2190357000,171072000,49875,1.0,,17937161661,4651696064,5849088,,2523496,4325784
0,wasmz,convolution,True,8190685,466,862334,4063917,5695917,23630667,2398396000,128339000,31083,1.0,,18984804585,5128969622,5898240,,2507112,4374936
0,wasmz,audio_dsp,True,761667740,1,430625,988496959,988496959,988496959,724862000,27504000,0,1.0,,3800284690,1288605946,5980160,,2523520,4489624
0,wasmz,bulk_memory,True,8698902,167,258417,4416709,6364500,40978125,852007000,90155000,12417,1.0,,6529455528,2093746476,6242304,,2523520,4686232
0,wasmz,call_indirect,True,-9175573,125,452375,13733458,16470084,46644834,1818473000,113024000,4375,1.0,,11360809990,4419825267,6799360,,2523520,5194136
0,wasmz,factorial.scalar,True,-2102132736,16384,218917,3042,3875,37042,15986000,74829000,467000,0.9949,,339795615,176791425,5816320,,2670976,4243864
0,wasmz,sieve.scalar,True,1229,3611,370583,261709,378583,1951875,1345912000,94989000,229500,0.9998,,8067686588,2633711550,6029312,,2556288,4506008
0,wasmz,crc32.scalar,True,-1910355869,357,675542,2176625,3628167,12011708,1115944000,60556000,31625,1.0,,6916736406,2114628892,5816320,,2523520,4293016
0,wasmz,convolution.scalar,True,8190685,159,373834,6341917,10609416,20958333,1466150000,69354000,26791,1.0,,8518380007,2523425240,5898240,,2523520,4358552
0,wasmz,bulk_memory.scalar,True,8698902,325,267250,4289125,7349459,14402041,1984874000,92153000,23584,1.0,,11706721434,3657022991,6209536,,2507136,4653464
0,wasmz,xmrsplayer,True,-1472664527,164,2421791,5221792,11086333,19316333,1417076000,75022000,20667,1.0,,6259196693,2264677353,25985024,,2900376,23970200
0,wasmz,vtable_mono,True,-318559695,40,1321875,19760791,34811042,55954125,1166972000,53306000,4375,1.0,,6420854964,1993033729,7159808,,2507112,5570992
0,wasmz,vtable_bi,True,-208336512,38,495000,23210875,34599375,118916084,1147685000,51849000,25500,1.0,,6572158304,2178731830,7159808,,2507112,5554584
0,wasmz,vtable_poly4,True,-126115384,41,1357708,23550125,41152000,57873000,1416397000,59025000,22250,1.0,,7412345086,2418057656,7192576,,2523520,5554584
0,wasmz,vtable_poly6,True,579248763,46,860375,26109375,44147875,62125166,1680808000,67317000,5375,1.0,,8532514940,2948690229,7192576,,2523520,5570992
0,wasmz,graphql_as,False,,,,,,,,,,,,,,,wasmz init-warmup failed: wasmz_instance_call trap: trap: wasm `unreachable` instruction executed,,
0,wasmz,tailcall_fsm,True,-1841735369,815,309875,2251084,3960500,9459500,2747876000,141209000,78917,1.0,,12065632689,4980246709,5652480,,2539904,3981720
0,wasmz,eh_parser_exnref,True,830008030,115,732042,6011458,7443208,27480959,811421000,42602000,5625,1.0,,4899379357,1854664360,8912896,,2638232,7192984
0,wasmz,eh_parser_legacy,True,830008030,124,471875,6520083,11045208,19146833,1155950000,76722000,30459,1.0,,5454001344,2092488533,10502144,,2621824,8782256
0,wasmz,gc_trees,True,-81253392,48,317417,26539208,40829542,64857000,1473457000,161403000,2618292,0.9984,,8136832749,2859197624,317964288,,2507112,316490400
0,wasmz,callref_dispatch,False,,,,,,,,,,,,,,,wasmz init-warmup failed: wasmz_instance_call trap: trap: null reference dereference,,
0,wasmz,callref_dispatch.indirect,True,-750120562,78,416000,13265500,28279458,39406333,1630800000,98373000,5250,1.0,,6578537467,2534578417,5160960,,2523520,3555712
0,wasmz,relaxed_dot,True,-551922832,510,256833,1453458,2483083,6115083,1126292000,79207000,39625,1.0,,7836445387,2010442824,6078464,,2539904,4506008
0,wasmz,relaxed_madd,True,-1435646925,5551,449542,351583,584417,2706000,3007773000,254507000,438667,0.9999,,16941901503,5492019112,6160384,,2605464,4522392
0,wasmz,mem64_chase,True,433527714,44,14608792,35990333,48685500,77173875,1610207000,89594000,0,1.0,,1428109408,2561258904,71892992,,2523520,70320560
0,wasmz,mem64_chase.mem32,True,433527714,33,31715416,33825625,51548791,267938041,1151639000,61528000,0,1.0,,1080626213,2209148820,71892992,,2523520,70320560
0,wasmz,multimem_transform,False,,,,,,,,,,,,,,,wasmz_module_new failed: module compilation failed: MultipleMemories,,
0,wasmz,multimem_transform.single,True,902712413,93,209584,2607041,5947583,38033791,205698000,14585000,20833,0.9999,,1703556385,570776668,5160960,,2523520,3588504
0,wasmz,extconst_init,False,,,,,,,,,,,,,,,"wrong result: got -1669113347, expected -1152068691 (cross-runtime consensus)",,
0,wasmz,extconst_init.mvp,False,,,,,,,,,,,,,,,"wrong result: got 1844351884, expected -1152068691 (cross-runtime consensus)",,
0,wasmz,graphql_porf,False,,,,,,,,,,,,,,,init warmup failed: wasmz m() trap: multi-value results are not supported by the C API (results_len = 2),,
0,wasmz,graphql_porf_trycatch,False,,,,,,,,,,,,,,,init warmup failed: wasmz m() trap: multi-value results are not supported by the C API (results_len = 2),,
0,wasmz,sqlite3,False,,,,,,,,,,,,,,,N/A — the harness only has a WASI preview-1 + bench.* import shim for Pulley,,
0,tinywasm,fib,True,832040,10,251875,122580250,163085750,467305167,1038111000,98133000,0,1.0,,9289782963,2877836658,5226496,,3342720,3342720
0,tinywasm,fib_tail,True,873876091,1735,470708,669792,874958,7483500,1267995000,98228000,0,1.0,,12235467180,3296170464,5226496,,3391896,3391896
0,tinywasm,factorial,True,-2102132736,16384,300916,334,417,542,7659000,364000,0,1.0,,67529515,20763902,5455872,,3506584,3506584
0,tinywasm,sieve,True,1229,542,378916,606208,698458,2885833,334532000,11355000,0,1.0,,3267528920,894177245,5554176,,3457432,3457432
0,tinywasm,crc32,True,-1910355869,207,348875,4822583,7234083,41368625,1167997000,54745000,0,1.0,,9636847896,2698358791,5537792,,3457432,3457432
0,tinywasm,matmul_simd,True,48907,211,369291,3575375,5172167,13116250,920828000,49898000,0,1.0,,7338639033,2037878881,5636096,,3490200,3490200
0,tinywasm,matmul_fma,True,48907,509,876000,2777875,5674792,20033125,2280922000,91152000,0,1.0,,13385893944,3780731694,5652480,,3490176,3490176
0,tinywasm,convolution,True,8190685,130,428500,5504083,9930833,21809000,1008797000,67387000,0,1.0,,6436564000,1943994051,5586944,,3522968,3522968
0,tinywasm,audio_dsp,True,761667740,1,550167,1693513292,1693513292,1693513292,1142699000,39165000,0,1.0,,10272776862,2797233144,5341184,,3441024,3441024
0,tinywasm,bulk_memory,True,8698902,32,345250,11468959,21199458,45129209,442051000,17370000,0,1.0,,2953856235,790814843,5734400,,3588504,3588504
0,tinywasm,call_indirect,True,-9175573,63,419708,22829250,40879333,284767417,1763563000,79686000,0,1.0,,9538150550,3512523668,5373952,,3441024,3441024
0,tinywasm,factorial.scalar,True,-2102132736,16384,288625,291,458,1083,8138000,942000,0,1.0,,57642834,16472185,5341184,,3490200,3490200
0,tinywasm,sieve.scalar,True,1229,1995,338500,640958,915292,4966791,1588843000,88760000,0,1.0,,12718856044,3548029872,5406720,,3424616,3424616
0,tinywasm,crc32.scalar,True,-1910355869,174,350833,5178542,7638458,24011000,1041124000,59428000,0,1.0,,8179149199,2319321964,5406720,,3424640,3424640
0,tinywasm,convolution.scalar,True,8190685,86,289125,15566292,21788375,33630083,1504957000,78714000,0,1.0,,10631280461,3060008938,5373952,,3506584,3506584
0,tinywasm,bulk_memory.scalar,True,8698902,62,517417,11881125,18187542,30362042,882783000,57515000,0,1.0,,6146742329,1693773389,5570560,,3588504,3588504
0,tinywasm,xmrsplayer,True,1765170662,100,7293000,14404333,19617500,168040791,1605219000,101468000,0,1.0,,11285719924,3280582257,23511040,,21135768,21135768
0,tinywasm,vtable_mono,True,-318559695,40,427625,38601459,54951166,71478709,1610019000,109158000,0,1.0,,10298539205,3337322730,5439488,,3490176,3490176
0,tinywasm,vtable_bi,True,-208336512,34,677125,46666584,58257708,90492250,1556512000,91031000,0,1.0,,10674233795,3349879943,5439488,,3506584,3506584
0,tinywasm,vtable_poly4,True,-126115384,35,437167,47234584,66858458,289016417,1658479000,91894000,0,1.0,,11554295410,3598472736,5455872,,3490176,3490176
0,tinywasm,vtable_poly6,True,579248763,27,406042,48955417,78395000,121422708,1552716000,96238000,0,1.0,,9799178292,3167183341,5439488,,3490200,3490200
0,tinywasm,graphql_as,True,5,130,2767667,9201542,15762875,66905959,1543830000,83788000,0,1.0,,10675742982,3304324679,5783552,,3654040,3654040
0,tinywasm,tailcall_fsm,True,-1841735369,268,208833,4599208,8556542,27817291,1659681000,75578000,0,1.0,,11624718932,3190068160,4472832,,2539904,2539904
0,tinywasm,eh_parser_exnref,True,830008030,46,189583,14614375,29836333,253590125,758281000,35162000,4583,1.0,,4865318809,1639690244,6586368,,4506008,4506008
0,tinywasm,eh_parser_legacy,False,,,,,,,,,,,,,,,tinywasm::parse_bytes failed: error parsing module: legacy exceptions support is not enabled (at offset 0x171) at offset 369,,
0,tinywasm,gc_trees,True,-81253392,10,155667,174739542,214571083,350470625,1319569000,84812000,0,1.0,,6050332029,2580196139,8585216,,6635928,6635928
0,tinywasm,callref_dispatch,True,-750120562,33,141750,29069875,37110625,60640125,965474000,51069000,0,1.0,,4777397563,1697075500,4243456,,2326936,2326936
0,tinywasm,callref_dispatch.indirect,True,-750120562,67,138167,22990375,36427875,83938291,1902559000,93184000,0,1.0,,9269958816,3377276168,4210688,,2294144,2294144
0,tinywasm,relaxed_dot,True,-551922832,490,731833,2187083,4327625,10437458,1772850000,77411000,0,1.0,,8962709441,2898850016,5668864,,3539352,3539352
0,tinywasm,relaxed_madd,True,-1435646925,2528,347000,617166,1074291,3359292,2533329000,102888000,0,1.0,,14449942996,4240394264,5767168,,3572120,3572120
0,tinywasm,mem64_chase,True,433527714,40,5780417,49498334,64644833,309947459,1976840000,106210000,0,1.0,,4006257042,3125897010,71434240,,69501384,69501384
0,tinywasm,mem64_chase.mem32,True,433527714,21,13799459,41601000,68224542,149606375,1045261000,45460000,0,1.0,,1899769820,2058602182,71417856,,69484976,69484976
0,tinywasm,multimem_transform,True,902712413,224,238959,5891875,13100166,45018084,1944380000,122096000,0,1.0,,13256183354,3574052271,4653056,,2720152,2720152
0,tinywasm,multimem_transform.single,True,902712413,58,387875,5963875,10197333,53574958,385022000,22877000,0,1.0,,3372532847,893760816,4636672,,2720152,2720152
0,tinywasm,extconst_init,True,-1152068691,5466,6471500,338292,568667,4889083,2726640000,176783000,0,1.0,,19639662449,5272096155,6209536,,4161944,4161944
0,tinywasm,extconst_init.mvp,True,-1152068691,16384,2636500,74291,109042,980916,1803390000,105610000,0,1.0,,12422394828,3475290696,5210112,,3277208,3277208
0,tinywasm,graphql_porf,True,0,103,6979208,8874084,15276750,31979417,1066660000,266932000,4256000,0.9968,,6669438532,2355442119,1052524544,,1034225176,1050936856
0,tinywasm,graphql_porf_trycatch,False,,,,,,,,,,,,,,,tinywasm::parse_bytes failed: error parsing module: legacy exceptions support is not enabled (at offset 0xfa34) at offset 64052,,
0,tinywasm,sqlite3,False,,,,,,,,,,,,,,,N/A — the harness only has a WASI preview-1 + bench.* import shim for Pulley,,
