dispatch,rep,runtime,case,ok,result,iterations,load_ns,min_ns,median_ns,p99_ns,cpu_user_ns,cpu_system_ns,p_cpu_ns,e_share,ipc,instructions,cycles,rss_peak_bytes,error
tail,1,pulley,fib,True,832040,18,2562417,83848875,93992917,111161833,1484848000,48241000,0,1.0,,6419350023,2203320905,7159808,
tail,1,pulley,fib_tail,True,873876091,7272,1248583,247583,376208,1300042,2915194000,88093000,0,1.0,,15845307368,4835045778,7782400,
tail,1,pulley,audio_dsp,True,761667740,1,2798458,1358991541,1358991541,1358991541,1048179000,30190000,0,1.0,,5330925216,1558872832,8863744,
tail,1,pulley,call_indirect,True,-9175573,45,7052250,16447459,21394166,96664334,1001666000,27743000,0,1.0,,3988024758,1917541714,9830400,
tail,1,pulley,convolution.scalar,True,8190685,320,2030959,6080959,9794167,41400625,2780983000,90818000,0,1.0,,21182877146,5110494915,9928704,
tail,1,pulley,xmrsplayer,True,1126733788,96,268208125,8389333,16141250,68659750,1177186000,35313000,0,1.0,,5708890028,2081104612,37076992,
tail,1,pulley,vtable_poly4,True,-126115384,63,5475833,31272625,46456041,227895500,2484558000,52313000,0,1.0,,11456243726,4886312330,37076992,
tail,1,pulley,graphql_as,True,5,380,78196167,4389791,9845375,41671958,3129137000,91314000,0,1.0,,13139036259,5180672068,37076992,
match,1,pulley,fib,True,832040,16,9004667,124124834,155580000,181018208,2166074000,65403000,0,1.0,,8601733327,2955523572,7192576,
match,1,pulley,fib_tail,True,873876091,3730,1726875,354917,891500,1727959,2597191000,79799000,0,1.0,,11183310915,3628688294,7880704,
match,1,pulley,audio_dsp,True,761667740,1,3224250,2247243583,2247243583,2247243583,2028009000,59406000,0,1.0,,7490866340,2806307995,8962048,
match,1,pulley,call_indirect,True,-9175573,34,9057042,38440916,52800334,124536208,1550266000,42296000,0,1.0,,4745751641,2144980764,9879552,
match,1,pulley,convolution.scalar,True,8190685,79,2741834,14111958,25262917,41011625,1704156000,54987000,0,1.0,,6447407606,2291873952,10125312,
match,1,pulley,xmrsplayer,True,821936101,54,307325167,11317583,13374708,33791666,801206000,22286000,0,1.0,,4269783777,1562691534,37109760,
match,1,pulley,vtable_poly4,True,-126115384,41,5943792,46000208,95481083,190041709,3286446000,92398000,0,1.0,,11070682957,4661369836,37109760,
match,1,pulley,graphql_as,True,5,140,161894541,7674000,17109750,26111125,2026625000,69513000,0,1.0,,6487666777,2613915939,37109760,
tail,2,pulley,fib,True,832040,18,2142833,85896500,106635166,132564625,1726779000,54298000,0,1.0,,6418770073,2194264293,7208960,
tail,2,pulley,fib_tail,True,873876091,3008,1668875,247667,632166,1295041,1558731000,46327000,0,1.0,,6557786207,1998582965,7749632,
tail,2,pulley,audio_dsp,True,761667740,1,3538750,1403640625,1403640625,1403640625,1214280000,40289000,0,1.0,,5338906725,1569432853,8863744,
tail,2,pulley,call_indirect,True,-9175573,47,6957959,26248250,37952667,45581791,1550818000,48125000,0,1.0,,4177817674,2006248022,9830400,
tail,2,pulley,convolution.scalar,True,8190685,123,2309042,6489833,14108583,18326583,1514652000,49547000,0,1.0,,8147588719,1964105809,9961472,
tail,2,pulley,xmrsplayer,True,-1708094182,106,254827625,10253166,19498042,23673125,1793653000,59910000,0,1.0,,6314087750,2298612059,37175296,
tail,2,pulley,vtable_poly4,True,-126115384,29,7948541,43048333,68082125,78708334,1653857000,49341000,0,1.0,,5288317446,2264670524,37175296,
tail,2,pulley,graphql_as,True,5,342,172691833,5593292,12331875,16613250,3662779000,118537000,0,1.0,,11843228252,4643448761,37175296,
match,2,pulley,fib,True,832040,13,2164334,147133542,169311334,191487583,1948838000,60677000,0,1.0,,6997188645,2399358660,7208960,
match,2,pulley,fib_tail,True,873876091,1680,1925375,355166,913167,1995917,1231821000,37637000,0,1.0,,5039980359,1625166350,7831552,
match,2,pulley,audio_dsp,True,761667740,1,3502083,2481055708,2481055708,2481055708,2205059000,66732000,0,1.0,,7501608694,2814471102,8814592,
match,2,pulley,call_indirect,True,-9175573,33,6458500,35732500,52588167,65585334,1532376000,47047000,0,1.0,,4613069022,2089326583,9846784,
match,2,pulley,convolution.scalar,True,8190685,106,1894625,12266333,21356000,31062958,2073502000,66462000,0,1.0,,8643707169,3063482372,10043392,
match,2,pulley,xmrsplayer,True,-1612982694,86,235760417,14271458,24060417,34907292,1801978000,58869000,0,1.0,,6810045076,2500750014,37109760,
match,2,pulley,vtable_poly4,True,-126115384,22,13408250,65982834,91265959,131774208,1773285000,52222000,0,1.0,,5937359952,2502337124,37109760,
match,2,pulley,graphql_as,True,5,121,158741542,7434250,14482542,25684000,1515486000,51977000,0,1.0,,5601652926,2263263204,37109760,
tail,3,pulley,fib,True,832040,19,2218333,83564708,96069833,110519291,1623842000,50150000,0,1.0,,6771150583,2309314413,7241728,
tail,3,pulley,fib_tail,True,873876091,2335,1844625,247708,630709,1788416,1142792000,35113000,0,1.0,,5088268774,1552071469,7798784,
tail,3,pulley,audio_dsp,True,761667740,1,3879125,1271443292,1271443292,1271443292,1034733000,34225000,0,1.0,,5333096406,1566760212,8929280,
tail,3,pulley,call_indirect,True,-9175573,53,11844291,22962583,34289083,46083083,1540905000,49555000,0,1.0,,4706921381,2265923704,9797632,
tail,3,pulley,convolution.scalar,True,8190685,158,954125,6168125,11991459,27009459,1667079000,55745000,0,1.0,,10460592661,2521899295,9928704,
tail,3,pulley,xmrsplayer,True,-1724340116,122,244931625,10339917,18636875,27225125,1937894000,61634000,0,1.0,,7258590079,2646896495,37126144,
tail,3,pulley,vtable_poly4,True,-126115384,25,12243625,32898708,69168542,438802041,1355258000,55677000,0,1.0,,4586897427,1992920026,37126144,
tail,3,pulley,graphql_as,True,5,171,184069750,6112209,10559958,18208209,1556580000,59963000,0,1.0,,5926625371,2359541229,37126144,
match,3,pulley,fib,True,832040,13,2104291,111573250,143129041,177667250,1589756000,50982000,0,1.0,,6990661641,2397448113,7225344,
match,3,pulley,fib_tail,True,873876091,3225,1627917,355167,734042,1890917,2104650000,70950000,0,1.0,,9678823253,3126669367,7847936,
match,3,pulley,audio_dsp,True,761667740,1,2601916,2228859250,2228859250,2228859250,1890444000,65967000,0,1.0,,7508906326,2830355040,8880128,
match,3,pulley,call_indirect,True,-9175573,41,4884583,30464167,49378291,69535833,1729325000,55589000,0,1.0,,5731885880,2598404368,9863168,
match,3,pulley,convolution.scalar,True,8190685,114,1161917,13610500,22637750,31507583,2285352000,74591000,0,1.0,,9295096649,3301537202,10108928,
match,3,pulley,xmrsplayer,True,-2074729185,89,308072791,13835209,22441416,30471875,1733114000,54998000,0,1.0,,7045161461,2590257936,37158912,
match,3,pulley,vtable_poly4,True,-126115384,25,7804042,77123291,90403291,107545459,1999042000,69133000,0,1.0,,6760230132,2859057525,37158912,
match,3,pulley,graphql_as,True,5,103,159529375,8708542,15304958,20932417,1367908000,47116000,0,1.0,,4769546467,1922185250,37158912,
tail,4,pulley,fib,True,832040,20,1197042,77299583,95195666,102743625,1669284000,51064000,0,1.0,,7121557064,2425541899,7192576,
tail,4,pulley,fib_tail,True,873876091,3052,1661750,247708,621625,1687166,1438140000,48412000,0,1.0,,6651564333,2032592631,7831552,
tail,4,pulley,audio_dsp,True,761667740,1,4209750,1219232209,1219232209,1219232209,1083823000,35301000,0,1.0,,5328327366,1560582505,8798208,
tail,4,pulley,call_indirect,True,-9175573,60,4383334,21676250,35936792,51876166,1848711000,63853000,0,1.0,,5334644692,2574749652,9797632,
tail,4,pulley,convolution.scalar,True,8190685,147,1486042,6143584,12178542,23632958,1599933000,52226000,0,1.0,,9735828458,2348453953,9895936,
tail,4,pulley,xmrsplayer,True,1580867102,94,246477333,8417250,14606583,24901166,1224294000,37667000,0,1.0,,5588071843,2028192465,37060608,
tail,4,pulley,vtable_poly4,True,-126115384,29,13458458,41678291,59393625,97245833,1528499000,49252000,0,1.0,,5289567343,2271516065,37060608,
tail,4,pulley,graphql_as,True,5,188,154301209,5896167,10309167,17616875,1753208000,58214000,0,1.0,,6508276002,2554881385,37060608,
match,4,pulley,fib,True,832040,14,1321125,117681750,141687625,173104208,1770524000,59271000,0,1.0,,7532312532,2601199441,7176192,
match,4,pulley,fib_tail,True,873876091,2063,1624166,355125,739375,1878625,1330890000,40974000,0,1.0,,6187167665,1991410781,7880704,
match,4,pulley,audio_dsp,True,761667740,1,2611916,2333839583,2333839583,2333839583,2017844000,67316000,0,1.0,,7499539633,2823395152,8945664,
match,4,pulley,call_indirect,True,-9175573,44,8051000,35177875,50812542,64062500,1969812000,60187000,0,1.0,,6148267724,2783354844,9879552,
match,4,pulley,convolution.scalar,True,8190685,128,2123334,11473625,21614000,31111000,2290454000,73374000,0,1.0,,10437902598,3699481449,10108928,
match,4,pulley,xmrsplayer,True,625117384,51,294670375,14984666,26510584,36431792,1122389000,43826000,0,1.0,,4044288968,1490755927,37126144,
match,4,pulley,vtable_poly4,True,-126115384,19,15091209,65887834,99763250,151146958,1624838000,53870000,0,1.0,,5136755896,2175607330,37126144,
match,4,pulley,graphql_as,True,5,123,155489959,8093500,14893292,27784000,1606736000,50280000,0,1.0,,5693158313,2302869269,37126144,
tail,5,pulley,fib,True,832040,22,1900583,48509167,82283750,110102375,1403505000,40356000,0,1.0,,7834051968,2664222908,7192576,
tail,5,pulley,fib_tail,True,873876091,8010,823417,247750,632083,1804916,4006791000,128190000,0,1.0,,17486303140,5338895670,7766016,
tail,5,pulley,audio_dsp,True,761667740,1,3692000,1434255583,1434255583,1434255583,1237276000,40728000,0,1.0,,5341497298,1572081054,8863744,
tail,5,pulley,call_indirect,True,-9175573,50,3464500,29481333,41912541,56587709,1721063000,56475000,0,1.0,,4455132268,2156791771,9830400,
tail,5,pulley,convolution.scalar,True,8190685,125,2427166,6873417,15427292,21659667,1550516000,48384000,0,1.0,,8284318054,1996899403,9994240,
tail,5,pulley,xmrsplayer,True,-429536739,166,301733750,12240750,22070625,30978209,2937264000,105745000,0,1.0,,9921949672,3643903692,37126144,
tail,5,pulley,vtable_poly4,True,-126115384,30,13254958,43653666,72949792,93662333,1836870000,62410000,0,1.0,,5486898890,2367498777,37126144,
tail,5,pulley,graphql_as,True,5,247,169593959,5120792,12217667,17184250,2664279000,89395000,0,1.0,,8554794375,3365503301,37126144,
match,5,pulley,fib,True,832040,13,2035208,150670333,171623250,184548083,1958350000,63408000,0,1.0,,6998493458,2402911623,7225344,
match,5,pulley,fib_tail,True,873876091,1998,2265750,355458,932167,1966291,1542009000,48456000,0,1.0,,5995868290,1935581989,7798784,
match,5,pulley,audio_dsp,True,761667740,1,3579292,2262824000,2262824000,2262824000,2022081000,65750000,0,1.0,,7500950403,2814614659,8945664,
match,5,pulley,call_indirect,True,-9175573,33,4525542,37049167,56024500,62685167,1620373000,49519000,0,1.0,,4615628310,2088496759,9830400,
match,5,pulley,convolution.scalar,True,8190685,118,2200417,15818917,24265584,31896000,2526656000,81601000,0,1.0,,9625721310,3410408504,9994240,
match,5,pulley,xmrsplayer,True,338640054,66,193236458,13456334,23343167,29338417,1383280000,43146000,0,1.0,,5219221645,1909878712,37109760,
match,5,pulley,vtable_poly4,True,-126115384,17,15230666,90112458,105953708,114557333,1580056000,50845000,0,1.0,,4598322989,1938129869,37109760,
match,5,pulley,graphql_as,True,5,101,159701375,8973500,14547917,22539583,1361010000,42785000,0,1.0,,4670773118,1872098960,37109760,
