rep,variant,case,result,iterations,cycles_per_call,instructions_per_call,cpu_ms_per_call,e_share
1,base,"EH parser, exnref (4096 stmts, 25% throw)",830008030,84,42055304.547619045,111456609.01190476,22.968452380952378,1.0
2,base,"EH parser, exnref (4096 stmts, 25% throw)",830008030,86,41989780.0,111465839.25581396,22.92232558139535,1.0
3,base,"EH parser, exnref (4096 stmts, 25% throw)",830008030,86,42499463.88372093,111484986.03488372,23.17406976744186,1.0
4,base,"EH parser, exnref (4096 stmts, 25% throw)",830008030,85,42004939.69411765,111467848.08235294,22.905529411764707,1.0
5,base,"EH parser, exnref (4096 stmts, 25% throw)",830008030,86,41990463.89534884,111459745.15116279,22.926744186046513,1.0
1,pr1,"EH parser, exnref (4096 stmts, 25% throw)",830008030,89,41204324.76404494,109120450.76404494,22.497415730337078,1.0
2,pr1,"EH parser, exnref (4096 stmts, 25% throw)",830008030,89,41160030.07865169,109130469.2247191,22.46696629213483,1.0
3,pr1,"EH parser, exnref (4096 stmts, 25% throw)",830008030,88,41140205.28409091,109121530.07954545,22.464772727272727,1.0
4,pr1,"EH parser, exnref (4096 stmts, 25% throw)",830008030,88,41345710.95454545,109123213.73863636,22.571022727272727,1.0
5,pr1,"EH parser, exnref (4096 stmts, 25% throw)",830008030,89,41103324.68539326,109123919.62921348,22.444157303370787,1.0
1,pr2,"EH parser, exnref (4096 stmts, 25% throw)",830008030,88,41111330.93181818,108330237.5909091,22.421704545454546,1.0
2,pr2,"EH parser, exnref (4096 stmts, 25% throw)",830008030,88,40920900.22727273,108324677.94318181,22.33727272727273,1.0
3,pr2,"EH parser, exnref (4096 stmts, 25% throw)",830008030,88,41311949.32954545,108319706.11363636,22.561136363636365,1.0
4,pr2,"EH parser, exnref (4096 stmts, 25% throw)",830008030,87,41220839.59770115,108324542.71264368,22.50758620689655,1.0
5,pr2,"EH parser, exnref (4096 stmts, 25% throw)",830008030,87,41429171.09195402,108319552.78160919,22.621954022988504,1.0
1,pr3,"EH parser, exnref (4096 stmts, 25% throw)",830008030,86,42114972.069767445,108651209.88372093,22.98953488372093,1.0
2,pr3,"EH parser, exnref (4096 stmts, 25% throw)",830008030,87,41336279.827586204,108654931.77011494,22.566666666666666,1.0
3,pr3,"EH parser, exnref (4096 stmts, 25% throw)",830008030,87,41649779.712643676,108655986.48275863,22.737011494252872,1.0
4,pr3,"EH parser, exnref (4096 stmts, 25% throw)",830008030,86,42213542.11627907,108649282.63953489,23.043372093023255,1.0
5,pr3,"EH parser, exnref (4096 stmts, 25% throw)",830008030,87,41758283.827586204,108659194.48275863,22.78977011494253,1.0
1,ub,"EH parser, exnref (4096 stmts, 25% throw)",830008030,90,40488790.64444444,106800537.64444445,22.108666666666668,1.0
2,ub,"EH parser, exnref (4096 stmts, 25% throw)",830008030,90,40915232.07777778,106806518.78888889,22.336666666666666,1.0
3,ub,"EH parser, exnref (4096 stmts, 25% throw)",830008030,73,40887333.63013699,106798846.64383562,22.33027397260274,1.0
4,ub,"EH parser, exnref (4096 stmts, 25% throw)",830008030,90,40442885.9,106799085.52222222,22.082222222222224,1.0
5,ub,"EH parser, exnref (4096 stmts, 25% throw)",830008030,89,40842842.28089888,106801489.31460674,22.299101123595506,1.0
1,base,GC binary trees (~130K struct.new),-81253392,12,284442311.1666667,621717169.9166666,152.4425,1.0
2,base,GC binary trees (~130K struct.new),-81253392,12,285038760.25,621653739.6666666,152.76416666666668,1.0
3,base,GC binary trees (~130K struct.new),-81253392,12,282318322.3333333,621642323.0,151.52,1.0
4,base,GC binary trees (~130K struct.new),-81253392,12,284695729.9166667,621722475.75,152.70250000000001,1.0
5,base,GC binary trees (~130K struct.new),-81253392,12,284034864.5833333,621773699.5,152.1425,1.0
1,pr1,GC binary trees (~130K struct.new),-81253392,12,282340331.1666667,613773640.5833334,151.1525,1.0
2,pr1,GC binary trees (~130K struct.new),-81253392,12,281448890.6666667,613665075.5833334,150.96333333333334,1.0
3,pr1,GC binary trees (~130K struct.new),-81253392,12,280160206.5,613666851.3333334,150.34,1.0
4,pr1,GC binary trees (~130K struct.new),-81253392,12,281275845.4166667,613693037.5,150.87916666666666,1.0
5,pr1,GC binary trees (~130K struct.new),-81253392,12,281252560.6666667,613626790.1666666,150.705,1.0
1,pr2,GC binary trees (~130K struct.new),-81253392,12,280751224.75,611005029.9166666,150.59083333333334,1.0
2,pr2,GC binary trees (~130K struct.new),-81253392,12,281630701.5,611020883.1666666,150.9425,1.0
3,pr2,GC binary trees (~130K struct.new),-81253392,12,281673777.5833333,610976183.5833334,151.01166666666668,1.0
4,pr2,GC binary trees (~130K struct.new),-81253392,12,281719177.6666667,610998222.5,151.12166666666667,1.0
5,pr2,GC binary trees (~130K struct.new),-81253392,12,281892046.5,611051952.0833334,151.02916666666667,1.0
1,pr3,GC binary trees (~130K struct.new),-81253392,12,279898724.1666667,609192389.9166666,150.195,1.0
2,pr3,GC binary trees (~130K struct.new),-81253392,12,280002583.75,609207565.0833334,150.165,1.0
3,pr3,GC binary trees (~130K struct.new),-81253392,12,279673365.9166667,609212180.25,149.97166666666666,1.0
4,pr3,GC binary trees (~130K struct.new),-81253392,12,279797515.0,609243286.5833334,149.94916666666668,1.0
5,pr3,GC binary trees (~130K struct.new),-81253392,12,280235506.5,609197519.25,150.1675,1.0
1,ub,GC binary trees (~130K struct.new),-81253392,12,280239280.3333333,606424973.4166666,150.145,1.0
2,ub,GC binary trees (~130K struct.new),-81253392,12,281068469.75,606471886.9166666,150.43916666666667,1.0
3,ub,GC binary trees (~130K struct.new),-81253392,12,279306965.25,606311799.6666666,149.775,1.0
4,ub,GC binary trees (~130K struct.new),-81253392,12,279803901.1666667,606386754.5833334,150.09583333333333,1.0
5,ub,GC binary trees (~130K struct.new),-81253392,12,279917787.1666667,606330748.6666666,150.07916666666668,1.0
1,base,audio DSP (1000 frames × 512),761667740,1,3070720922.0,10362621715.0,1679.32,1.0
2,base,audio DSP (1000 frames × 512),761667740,1,3104906532.0,10363478531.0,1694.52,1.0
3,base,audio DSP (1000 frames × 512),761667740,1,3089180404.0,10362598260.0,1688.16,1.0
4,base,audio DSP (1000 frames × 512),761667740,1,3076223347.0,10362906084.0,1680.07,1.0
5,base,audio DSP (1000 frames × 512),761667740,1,3105096980.0,10362592838.0,1696.52,1.0
1,pr1,audio DSP (1000 frames × 512),761667740,1,2963370529.0,9950858712.0,1618.79,1.0
2,pr1,audio DSP (1000 frames × 512),761667740,1,2961123353.0,9950502039.0,1618.73,1.0
3,pr1,audio DSP (1000 frames × 512),761667740,1,2965256368.0,9950997738.0,1620.07,1.0
4,pr1,audio DSP (1000 frames × 512),761667740,1,2974600979.0,9951167834.0,1625.14,1.0
5,pr1,audio DSP (1000 frames × 512),761667740,1,2966362092.0,9952982007.0,1618.08,1.0
1,pr2,audio DSP (1000 frames × 512),761667740,1,2859123417.0,9417935769.0,1561.56,1.0
2,pr2,audio DSP (1000 frames × 512),761667740,1,2860095581.0,9417898546.0,1562.51,1.0
3,pr2,audio DSP (1000 frames × 512),761667740,1,2859223943.0,9418013000.0,1561.96,1.0
4,pr2,audio DSP (1000 frames × 512),761667740,1,2861819395.0,9418001477.0,1562.86,1.0
5,pr2,audio DSP (1000 frames × 512),761667740,1,2861826187.0,9418035547.0,1562.92,1.0
1,pr3,audio DSP (1000 frames × 512),761667740,1,2718485581.0,9100429718.0,1485.41,1.0
2,pr3,audio DSP (1000 frames × 512),761667740,1,2729475858.0,9100354887.0,1490.92,1.0
3,pr3,audio DSP (1000 frames × 512),761667740,1,2717306461.0,9100111470.0,1484.71,1.0
4,pr3,audio DSP (1000 frames × 512),761667740,1,2722881931.0,9100471918.0,1487.11,1.0
5,pr3,audio DSP (1000 frames × 512),761667740,1,2723127914.0,9100460990.0,1487.46,1.0
1,ub,audio DSP (1000 frames × 512),761667740,1,2734303979.0,9100257361.0,1494.16,1.0
2,ub,audio DSP (1000 frames × 512),761667740,1,2743440094.0,9100507746.0,1498.61,1.0
3,ub,audio DSP (1000 frames × 512),761667740,1,2749873161.0,9100489970.0,1501.66,1.0
4,ub,audio DSP (1000 frames × 512),761667740,1,2736619344.0,9100254264.0,1495.1,1.0
5,ub,audio DSP (1000 frames × 512),761667740,1,2742917894.0,9100214313.0,1498.24,1.0
1,base,bulk_memory (memory.copy/fill) [scalar build],8698902,120,30502984.258333333,101049209.95833333,16.661416666666664,1.0
2,base,bulk_memory (memory.copy/fill) [scalar build],8698902,119,30770350.31092437,101057052.55462185,16.783361344537816,1.0
3,base,bulk_memory (memory.copy/fill) [scalar build],8698902,116,30709639.577586208,101051489.86206897,16.76896551724138,1.0
4,base,bulk_memory (memory.copy/fill) [scalar build],8698902,120,30559264.666666668,101050092.18333334,16.687416666666667,1.0
5,base,bulk_memory (memory.copy/fill) [scalar build],8698902,120,30590246.516666666,101048750.71666667,16.710166666666666,1.0
1,pr1,bulk_memory (memory.copy/fill) [scalar build],8698902,129,28547506.054263566,96672845.62790698,15.593798449612402,1.0
2,pr1,bulk_memory (memory.copy/fill) [scalar build],8698902,128,28819171.53125,96674517.4453125,15.743046875,1.0
3,pr1,bulk_memory (memory.copy/fill) [scalar build],8698902,129,28640585.395348836,96671505.15503876,15.644651162790698,1.0
4,pr1,bulk_memory (memory.copy/fill) [scalar build],8698902,129,28596358.294573642,96680828.54263566,15.598759689922481,1.0
5,pr1,bulk_memory (memory.copy/fill) [scalar build],8698902,124,28843234.830645163,96673164.45967741,15.756774193548386,1.0
1,pr2,bulk_memory (memory.copy/fill) [scalar build],8698902,132,27749277.34090909,93931304.34848484,15.159545454545453,1.0
2,pr2,bulk_memory (memory.copy/fill) [scalar build],8698902,132,27700144.53787879,93933139.37878788,15.13,1.0
3,pr2,bulk_memory (memory.copy/fill) [scalar build],8698902,133,27724722.89473684,93931437.17293233,15.142556390977443,1.0
4,pr2,bulk_memory (memory.copy/fill) [scalar build],8698902,130,27837035.26153846,93934213.16923077,15.205307692307693,1.0
5,pr2,bulk_memory (memory.copy/fill) [scalar build],8698902,132,27740106.234848484,93935227.6969697,15.145530303030304,1.0
1,pr3,bulk_memory (memory.copy/fill) [scalar build],8698902,137,26597630.160583943,91734364.81021897,14.511751824817518,1.0
2,pr3,bulk_memory (memory.copy/fill) [scalar build],8698902,137,26568481.08029197,91726500.9051095,14.50934306569343,1.0
3,pr3,bulk_memory (memory.copy/fill) [scalar build],8698902,137,26555715.13868613,91726025.00729927,14.504452554744525,1.0
4,pr3,bulk_memory (memory.copy/fill) [scalar build],8698902,138,26574131.92753623,91727133.0,14.512536231884058,1.0
5,pr3,bulk_memory (memory.copy/fill) [scalar build],8698902,137,26580739.379562043,91726593.12408759,14.517591240875912,1.0
1,ub,bulk_memory (memory.copy/fill) [scalar build],8698902,136,26818595.161764707,91726764.58088236,14.646029411764705,1.0
2,ub,bulk_memory (memory.copy/fill) [scalar build],8698902,136,26819718.286764707,91727915.58823529,14.646764705882353,1.0
3,ub,bulk_memory (memory.copy/fill) [scalar build],8698902,137,26826248.343065694,91726306.18978103,14.655401459854014,1.0
4,ub,bulk_memory (memory.copy/fill) [scalar build],8698902,136,26819007.102941178,91725017.77941176,14.652132352941177,1.0
5,ub,bulk_memory (memory.copy/fill) [scalar build],8698902,137,26828974.970802918,91728079.54014598,14.654160583941605,1.0
1,base,call_indirect (200K dispatches),-9175573,56,63281515.428571425,154936841.14285713,34.50928571428572,1.0
2,base,call_indirect (200K dispatches),-9175573,57,63614656.98245614,154929726.71929824,34.67859649122807,1.0
3,base,call_indirect (200K dispatches),-9175573,57,63279730.28070176,154928130.5614035,34.46771929824561,1.0
4,base,call_indirect (200K dispatches),-9175573,52,63686087.40384615,154951809.59615386,34.705769230769235,1.0
5,base,call_indirect (200K dispatches),-9175573,57,63361908.2631579,154930422.77192983,34.60824561403509,1.0
1,pr1,call_indirect (200K dispatches),-9175573,59,61562664.06779661,150441843.40677965,33.60491525423729,1.0
2,pr1,call_indirect (200K dispatches),-9175573,59,61437780.49152543,150446127.81355932,33.54491525423729,1.0
3,pr1,call_indirect (200K dispatches),-9175573,59,62002312.49152543,150446711.7118644,33.85677966101695,1.0
4,pr1,call_indirect (200K dispatches),-9175573,59,61269845.423728816,150445855.3559322,33.463559322033895,1.0
5,pr1,call_indirect (200K dispatches),-9175573,58,61371224.39655172,150442564.68965518,33.50948275862069,1.0
1,pr2,call_indirect (200K dispatches),-9175573,58,62343999.98275862,148941163.8275862,34.03775862068966,1.0
2,pr2,call_indirect (200K dispatches),-9175573,59,61751204.27118644,148936990.57627118,33.713389830508476,1.0
3,pr2,call_indirect (200K dispatches),-9175573,59,61729655.69491526,148926502.83050847,33.637796610169495,1.0
4,pr2,call_indirect (200K dispatches),-9175573,58,63174044.22413793,148930778.29310346,34.50931034482758,1.0
5,pr2,call_indirect (200K dispatches),-9175573,59,61705649.644067794,148929637.15254238,33.69474576271187,1.0
1,pr3,call_indirect (200K dispatches),-9175573,59,60428986.711864404,147432102.52542374,33.00474576271186,1.0
2,pr3,call_indirect (200K dispatches),-9175573,60,60270507.31666667,147429143.93333334,32.89666666666667,1.0
3,pr3,call_indirect (200K dispatches),-9175573,60,60553461.86666667,147433746.1,33.035,1.0
4,pr3,call_indirect (200K dispatches),-9175573,60,60297051.81666667,147436135.76666668,32.93566666666667,1.0
5,pr3,call_indirect (200K dispatches),-9175573,60,60220344.38333333,147430666.46666667,32.78566666666667,1.0
1,ub,call_indirect (200K dispatches),-9175573,60,60172931.13333333,146440394.48333332,32.855333333333334,1.0
2,ub,call_indirect (200K dispatches),-9175573,60,60610801.45,146427313.2,33.1115,1.0
3,ub,call_indirect (200K dispatches),-9175573,59,60401190.881355934,146427157.77966103,32.88576271186441,1.0
4,ub,call_indirect (200K dispatches),-9175573,60,60158480.46666667,146430891.75,32.8575,1.0
5,ub,call_indirect (200K dispatches),-9175573,60,60695949.75,146429807.13333333,33.157666666666664,1.0
1,base,call_ref twin: call_indirect (200K),-750120562,66,55028343.68181818,141813025.9090909,30.058333333333334,1.0
2,base,call_ref twin: call_indirect (200K),-750120562,66,55120051.59090909,141810823.72727272,30.116212121212122,1.0
3,base,call_ref twin: call_indirect (200K),-750120562,66,54990300.65151515,141815647.92424244,30.03469696969697,1.0
4,base,call_ref twin: call_indirect (200K),-750120562,66,54864678.81818182,141814116.34848484,29.961363636363636,1.0
5,base,call_ref twin: call_indirect (200K),-750120562,66,55267496.45454545,141810432.9090909,30.190151515151513,1.0
1,pr1,call_ref twin: call_indirect (200K),-750120562,67,54087048.46268657,138357376.3880597,29.54820895522388,1.0
2,pr1,call_ref twin: call_indirect (200K),-750120562,67,53991931.58208955,138360627.6119403,29.49223880597015,1.0
3,pr1,call_ref twin: call_indirect (200K),-750120562,67,54070089.82089552,138359950.97014925,29.541641791044775,1.0
4,pr1,call_ref twin: call_indirect (200K),-750120562,67,54317594.23880597,138363987.76119402,29.66089552238806,1.0
5,pr1,call_ref twin: call_indirect (200K),-750120562,66,54118308.09090909,138355516.5909091,29.565757575757573,1.0
1,pr2,call_ref twin: call_indirect (200K),-750120562,67,53399174.1641791,134758874.43283582,29.16313432835821,1.0
2,pr2,call_ref twin: call_indirect (200K),-750120562,67,53506737.50746269,134755812.26865673,29.22402985074627,1.0
3,pr2,call_ref twin: call_indirect (200K),-750120562,67,53197531.50746269,134752799.70149255,29.067014925373133,1.0
4,pr2,call_ref twin: call_indirect (200K),-750120562,67,53505079.53731343,134757217.01492536,29.230447761194032,1.0
5,pr2,call_ref twin: call_indirect (200K),-750120562,68,53147795.926470585,134755258.11764705,29.03191176470588,1.0
1,pr3,call_ref twin: call_indirect (200K),-750120562,69,52797150.86956522,134206389.17391305,28.83304347826087,1.0
2,pr3,call_ref twin: call_indirect (200K),-750120562,68,52982388.205882356,134199266.04411764,28.943676470588237,1.0
3,pr3,call_ref twin: call_indirect (200K),-750120562,68,52928213.705882356,134207365.76470588,28.90529411764706,1.0
4,pr3,call_ref twin: call_indirect (200K),-750120562,68,52938322.85294118,134206644.13235295,28.9175,1.0
5,pr3,call_ref twin: call_indirect (200K),-750120562,69,52695293.88405797,134201156.1884058,28.783623188405794,1.0
1,ub,call_ref twin: call_indirect (200K),-750120562,68,52448474.926470585,133208481.01470588,28.643529411764707,1.0
2,ub,call_ref twin: call_indirect (200K),-750120562,70,52499193.8,133207155.87142856,28.684,1.0
3,ub,call_ref twin: call_indirect (200K),-750120562,65,52524057.07692308,133201768.98461539,28.694307692307692,1.0
4,ub,call_ref twin: call_indirect (200K),-750120562,69,53190468.30434783,133206684.5942029,29.046666666666667,1.0
5,ub,call_ref twin: call_indirect (200K),-750120562,69,53031419.376811594,133203295.30434783,28.97246376811594,1.0
1,base,convolution 256×256 [scalar build],8190685,88,41000657.76136363,124406786.57954545,22.39875,1.0
2,base,convolution 256×256 [scalar build],8190685,89,40930651.01123595,124406545.03370787,22.357977528089886,1.0
3,base,convolution 256×256 [scalar build],8190685,89,40934149.269662924,124405906.1011236,22.36325842696629,1.0
4,base,convolution 256×256 [scalar build],8190685,89,40976151.06741573,124405890.98876405,22.382359550561798,1.0
5,base,convolution 256×256 [scalar build],8190685,89,40887283.20224719,124405139.98876405,22.33808988764045,1.0
1,pr1,convolution 256×256 [scalar build],8190685,96,38384580.072916664,117048856.13541667,20.9765625,1.0
2,pr1,convolution 256×256 [scalar build],8190685,96,38181956.958333336,117060537.89583333,20.838229166666668,1.0
3,pr1,convolution 256×256 [scalar build],8190685,95,38271549.8,117062405.83157894,20.877052631578948,1.0
4,pr1,convolution 256×256 [scalar build],8190685,95,38192765.6,117052568.8631579,20.862526315789474,1.0
5,pr1,convolution 256×256 [scalar build],8190685,96,38376062.479166664,117051798.01041667,20.97,1.0
1,pr2,convolution 256×256 [scalar build],8190685,96,38182144.645833336,117053636.38541667,20.861145833333335,1.0
2,pr2,convolution 256×256 [scalar build],8190685,95,38191128.72631579,117051852.18947369,20.86063157894737,1.0
3,pr2,convolution 256×256 [scalar build],8190685,96,38174800.895833336,117052522.9375,20.852708333333332,1.0
4,pr2,convolution 256×256 [scalar build],8190685,96,38229581.479166664,117054094.51041667,20.876875000000002,1.0
5,pr2,convolution 256×256 [scalar build],8190685,96,38424726.447916664,117064003.10416667,20.961458333333333,1.0
1,pr3,convolution 256×256 [scalar build],8190685,101,36088453.83168317,112637046.30693069,19.71683168316832,1.0
2,pr3,convolution 256×256 [scalar build],8190685,100,36076586.28,112634828.53,19.7093,1.0
3,pr3,convolution 256×256 [scalar build],8190685,100,36116928.95,112637528.33,19.7257,1.0
4,pr3,convolution 256×256 [scalar build],8190685,101,36087445.217821784,112637396.84158416,19.70970297029703,1.0
5,pr3,convolution 256×256 [scalar build],8190685,101,36107730.267326735,112637402.48514852,19.71821782178218,1.0
1,ub,convolution 256×256 [scalar build],8190685,101,36402523.32673267,112645986.48514852,19.864257425742572,1.0
2,ub,convolution 256×256 [scalar build],8190685,100,36344321.36,112635282.99,19.8621,1.0
3,ub,convolution 256×256 [scalar build],8190685,102,36295852.98039216,112636669.48039216,19.829509803921567,1.0
4,ub,convolution 256×256 [scalar build],8190685,101,36180295.74257426,112645186.2970297,19.752772277227724,1.0
5,ub,convolution 256×256 [scalar build],8190685,102,36115513.71568628,112634134.96078432,19.727745098039215,1.0
1,base,crc32(64KB) [scalar build],-1910355869,250,14812074.136,47087830.384,8.09204,1.0
2,base,crc32(64KB) [scalar build],-1910355869,247,14686328.862348178,47088227.11740891,8.022388663967611,1.0
3,base,crc32(64KB) [scalar build],-1910355869,249,14751855.080321286,47087682.787148595,8.05867469879518,1.0
4,base,crc32(64KB) [scalar build],-1910355869,247,14654642.813765183,47087921.76923077,8.005587044534414,1.0
5,base,crc32(64KB) [scalar build],-1910355869,244,14871277.55737705,47088256.405737706,8.122254098360655,1.0
1,pr1,crc32(64KB) [scalar build],-1910355869,273,13480685.937728938,44767710.6996337,7.364615384615385,1.0
2,pr1,crc32(64KB) [scalar build],-1910355869,272,13754545.551470589,44767173.566176474,7.513382352941177,1.0
3,pr1,crc32(64KB) [scalar build],-1910355869,272,13498589.264705881,44768641.08455882,7.373198529411765,1.0
4,pr1,crc32(64KB) [scalar build],-1910355869,268,13496042.395522388,44768139.17910448,7.37044776119403,1.0
5,pr1,crc32(64KB) [scalar build],-1910355869,241,13581374.03319502,44767819.27385892,7.4199585062240665,1.0
1,pr2,crc32(64KB) [scalar build],-1910355869,277,13328815.931407942,43843993.4765343,7.285415162454873,1.0
2,pr2,crc32(64KB) [scalar build],-1910355869,277,13305431.909747293,43844102.61371841,7.269025270758123,1.0
3,pr2,crc32(64KB) [scalar build],-1910355869,273,13382448.611721613,43848256.38095238,7.302673992673993,1.0
4,pr2,crc32(64KB) [scalar build],-1910355869,273,13337097.461538462,43847316.036630034,7.279304029304029,1.0
5,pr2,crc32(64KB) [scalar build],-1910355869,274,13375704.208029198,43844905.627737224,7.304817518248175,1.0
1,pr3,crc32(64KB) [scalar build],-1910355869,283,12771030.992932862,42653046.86925795,6.977455830388692,1.0
2,pr3,crc32(64KB) [scalar build],-1910355869,286,12787244.958041959,42653620.332167834,6.9841258741258745,1.0
3,pr3,crc32(64KB) [scalar build],-1910355869,285,12771857.259649122,42653598.992982455,6.9754035087719295,1.0
4,pr3,crc32(64KB) [scalar build],-1910355869,284,12769565.267605634,42653939.41549296,6.974471830985915,1.0
5,pr3,crc32(64KB) [scalar build],-1910355869,288,12773266.482638888,42653652.92361111,6.975138888888889,1.0
1,ub,crc32(64KB) [scalar build],-1910355869,287,12838607.209059233,42653332.93379791,7.010731707317073,1.0
2,ub,crc32(64KB) [scalar build],-1910355869,286,12811756.954545455,42652810.57692308,6.999475524475524,1.0
3,ub,crc32(64KB) [scalar build],-1910355869,287,12810860.533101045,42653806.47735192,6.996480836236934,1.0
4,ub,crc32(64KB) [scalar build],-1910355869,288,12813185.440972222,42652955.00694445,6.999375,1.0
5,ub,crc32(64KB) [scalar build],-1910355869,284,12859868.204225352,42654877.697183095,7.021478873239436,1.0
1,base,fib(30),832040,11,303997186.1818182,963732965.1818181,165.61818181818182,0.999
2,base,fib(30),832040,11,304409753.0,964054653.6363636,165.5909090909091,0.999
3,base,fib(30),832040,11,303548892.45454544,963727669.7272727,165.4318181818182,0.999
4,base,fib(30),832040,10,302737164.7,963291554.6,165.35,1.0
5,base,fib(30),832040,11,303822263.0,963756897.2727273,165.5081818181818,0.999
1,pr1,fib(30),832040,12,292512835.6666667,934806719.6666666,159.53916666666666,1.0
2,pr1,fib(30),832040,12,293127912.0,935074746.4166666,159.62416666666667,0.999
3,pr1,fib(30),832040,11,293019105.45454544,935030734.4545455,159.61909090909091,0.999
4,pr1,fib(30),832040,12,293185830.25,935164148.3333334,159.64583333333334,0.999
5,pr1,fib(30),832040,12,293008150.5,935041028.5833334,159.62333333333333,0.999
1,pr2,fib(30),832040,12,282742490.6666667,898905564.1666666,154.09583333333333,0.999
2,pr2,fib(30),832040,12,282930926.3333333,898873210.0,154.07666666666668,0.999
3,pr2,fib(30),832040,12,282902929.0833333,898732870.8333334,154.3025,0.999
4,pr2,fib(30),832040,12,282859931.0833333,898978780.3333334,154.12833333333333,0.999
5,pr2,fib(30),832040,12,283336913.9166667,898995312.9166666,154.34833333333333,0.999
1,pr3,fib(30),832040,12,277530993.75,890835486.25,151.25,0.999
2,pr3,fib(30),832040,12,277522871.5833333,890807942.5833334,151.22916666666666,0.999
3,pr3,fib(30),832040,12,278189085.25,890863439.1666666,151.57,0.999
4,pr3,fib(30),832040,13,277865333.46153843,890905142.0,151.22923076923078,0.999
5,pr3,fib(30),832040,13,277469933.84615386,890775819.0,151.24846153846153,0.999
1,ub,fib(30),832040,12,274895663.0,882743645.6666666,149.79083333333332,0.999
2,ub,fib(30),832040,13,274857039.53846157,882770647.5384616,149.81,0.999
3,ub,fib(30),832040,12,274659238.8333333,882522696.9166666,149.7425,0.999
4,ub,fib(30),832040,12,274946935.0833333,882772332.5,149.81666666666666,0.999
5,ub,fib(30),832040,12,274990679.75,882560350.0,149.905,0.999
1,base,graphql-validation (AS),5,100,36059033.13,85383705.75,19.6918,1.0
2,base,graphql-validation (AS),5,99,36513692.08080808,85283017.50505051,19.946868686868687,1.0
3,base,graphql-validation (AS),5,98,36608047.89795918,85314558.8265306,19.97489795918367,1.0
4,base,graphql-validation (AS),5,97,37223819.75257732,85316811.50515464,20.336288659793812,1.0
5,base,graphql-validation (AS),5,98,36685033.510204084,85301708.36734694,20.042346938775513,1.0
1,pr1,graphql-validation (AS),5,101,35399611.10891089,82099602.36633663,19.336138613861387,1.0
2,pr1,graphql-validation (AS),5,100,35998059.78,82205667.83,19.6663,1.0
3,pr1,graphql-validation (AS),5,103,35290437.9223301,82140193.6407767,19.277961165048545,1.0
4,pr1,graphql-validation (AS),5,102,35677889.01960784,82160828.99019608,19.484901960784313,1.0
5,pr1,graphql-validation (AS),5,100,36016953.99,82206125.21,19.673099999999998,1.0
1,pr2,graphql-validation (AS),5,103,34439721.42718446,80319748.99029127,18.815048543689322,1.0
2,pr2,graphql-validation (AS),5,103,34669782.02912621,80325235.78640777,18.934174757281554,1.0
3,pr2,graphql-validation (AS),5,105,34604387.07619048,80290229.84761904,18.904666666666667,1.0
4,pr2,graphql-validation (AS),5,100,34667458.66,80387698.18,18.9327,1.0
5,pr2,graphql-validation (AS),5,102,34557286.3627451,80339226.1764706,18.877058823529413,1.0
1,pr3,graphql-validation (AS),5,105,34284222.91428571,78775679.78095238,18.72847619047619,1.0
2,pr3,graphql-validation (AS),5,104,34275578.23076923,78800405.6826923,18.697980769230767,1.0
3,pr3,graphql-validation (AS),5,107,33608265.36448598,78766588.3457944,18.356448598130843,1.0
4,pr3,graphql-validation (AS),5,106,34180261.943396226,78856246.0754717,18.673396226415097,1.0
5,pr3,graphql-validation (AS),5,104,34755347.067307696,78793399.08653846,18.978076923076923,1.0
1,ub,graphql-validation (AS),5,107,33732726.95327103,78341841.26168224,18.423457943925232,1.0
2,ub,graphql-validation (AS),5,107,34150576.44859813,78344171.73831776,18.654766355140186,1.0
3,ub,graphql-validation (AS),5,107,33596405.1682243,78342249.14018692,18.351869158878504,1.0
4,ub,graphql-validation (AS),5,107,33913863.11214953,78349549.3364486,18.50429906542056,1.0
5,ub,graphql-validation (AS),5,106,33882102.858490564,78438353.5471698,18.50754716981132,1.0
1,base,graphql-validation (Porffor),0,117,31139616.085470084,64834156.025641024,14.26965811965812,1.0
2,base,graphql-validation (Porffor),0,116,31111608.336206898,64787731.37931035,14.356379310344828,1.0
3,base,graphql-validation (Porffor),0,118,30864022.83898305,64744683.79661017,14.212457627118644,1.0
4,base,graphql-validation (Porffor),0,118,31033883.440677967,64771009.10169491,14.23177966101695,1.0
5,base,graphql-validation (Porffor),0,117,30843040.76068376,64678675.299145296,14.253931623931624,1.0
1,pr1,graphql-validation (Porffor),0,118,30134536.5,62377368.279661015,13.774576271186442,1.0
2,pr1,graphql-validation (Porffor),0,121,30027608.669421487,62342624.31404959,13.78305785123967,1.0
3,pr1,graphql-validation (Porffor),0,121,30096303.454545453,62452062.84297521,13.718429752066116,1.0
4,pr1,graphql-validation (Porffor),0,119,29887120.81512605,62308494.310924366,13.717815126050422,1.0
5,pr1,graphql-validation (Porffor),0,120,30236524.758333333,62449581.06666667,13.813083333333333,1.0
1,pr2,graphql-validation (Porffor),0,122,29822726.68852459,61573596.67213115,13.67188524590164,1.0
2,pr2,graphql-validation (Porffor),0,123,29724888.040650405,61678497.02439024,13.590569105691058,1.0
3,pr2,graphql-validation (Porffor),0,120,29664470.141666666,61632091.7,13.53275,1.0
4,pr2,graphql-validation (Porffor),0,118,29865666.84745763,61595379.56779661,13.689830508474577,1.0
5,pr2,graphql-validation (Porffor),0,121,29641291.96694215,61625696.37190083,13.504297520661156,1.0
1,pr3,graphql-validation (Porffor),0,123,29700566.601626016,60742566.70731708,13.553089430894309,1.0
2,pr3,graphql-validation (Porffor),0,115,29760700.573913045,60716407.16521739,13.600260869565217,1.0
3,pr3,graphql-validation (Porffor),0,118,29717356.830508474,60676252.788135596,13.61093220338983,1.0
4,pr3,graphql-validation (Porffor),0,123,29505873.203252032,60656602.7398374,13.490569105691057,1.0
5,pr3,graphql-validation (Porffor),0,120,29544579.766666666,60860285.75833333,13.445,1.0
1,ub,graphql-validation (Porffor),0,120,29549712.45,60318963.25,13.467333333333332,1.0
2,ub,graphql-validation (Porffor),0,123,29399158.040650405,60207275.032520324,13.423739837398372,1.0
3,ub,graphql-validation (Porffor),0,118,29570793.15254237,60301129.83898305,13.422372881355932,1.0
4,ub,graphql-validation (Porffor),0,120,29479809.05,60271183.15,13.474,1.0
5,ub,graphql-validation (Porffor),0,125,29680205.912,60331070.616,13.4988,1.0
1,base,matmul relaxed-simd FMA,48907,450,8143361.471111111,26318948.751111113,4.447177777777778,1.0
2,base,matmul relaxed-simd FMA,48907,452,8173548.778761062,26318440.31858407,4.465840707964602,1.0
3,base,matmul relaxed-simd FMA,48907,441,8214783.46031746,26319785.68707483,4.484671201814059,1.0
4,base,matmul relaxed-simd FMA,48907,451,8197027.328159645,26320023.419068735,4.476341463414634,1.0
5,base,matmul relaxed-simd FMA,48907,445,8172891.496629214,26318466.588764045,4.463258426966292,1.0
1,pr1,matmul relaxed-simd FMA,48907,465,7842287.161290322,25438491.376344085,4.283354838709678,1.0
2,pr1,matmul relaxed-simd FMA,48907,464,7842922.239224138,25438522.015086208,4.283340517241379,1.0
3,pr1,matmul relaxed-simd FMA,48907,466,7897973.225321888,25438856.63948498,4.313197424892704,1.0
4,pr1,matmul relaxed-simd FMA,48907,461,7848545.798264642,25442391.971800435,4.28295010845987,1.0
5,pr1,matmul relaxed-simd FMA,48907,464,7887179.262931035,25438513.193965517,4.308685344827587,1.0
1,pr2,matmul relaxed-simd FMA,48907,472,7772300.921610169,25088613.194915254,4.24510593220339,1.0
2,pr2,matmul relaxed-simd FMA,48907,473,7765857.820295983,25088234.69767442,4.24122621564482,1.0
3,pr2,matmul relaxed-simd FMA,48907,471,7790011.564755838,25093105.995753717,4.247940552016985,1.0
4,pr2,matmul relaxed-simd FMA,48907,437,7777739.340961099,25090923.19679634,4.24162471395881,1.0
5,pr2,matmul relaxed-simd FMA,48907,470,7773848.308510638,25090187.965957448,4.2413617021276595,1.0
1,pr3,matmul relaxed-simd FMA,48907,491,7266948.00203666,23754866.790224034,3.9695723014256616,1.0
2,pr3,matmul relaxed-simd FMA,48907,511,7260925.86888454,23754751.003913894,3.9663209393346377,1.0
3,pr3,matmul relaxed-simd FMA,48907,478,7262412.008368201,23754583.32635983,3.967133891213389,1.0
4,pr3,matmul relaxed-simd FMA,48907,508,7259314.521653543,23754847.592519686,3.965964566929134,1.0
5,pr3,matmul relaxed-simd FMA,48907,509,7275957.552062868,23754643.402750492,3.973398821218075,1.0
1,ub,matmul relaxed-simd FMA,48907,506,7186806.349802371,23754677.14624506,3.9248418972332018,1.0
2,ub,matmul relaxed-simd FMA,48907,492,7217698.463414635,23754775.25,3.94239837398374,1.0
3,ub,matmul relaxed-simd FMA,48907,501,7209407.99001996,23755196.33732535,3.936686626746507,1.0
4,ub,matmul relaxed-simd FMA,48907,512,7185412.580078125,23755031.18359375,3.92439453125,1.0
5,ub,matmul relaxed-simd FMA,48907,505,7182861.415841584,23754762.45148515,3.9241386138613863,1.0
1,base,sieve(10000) [scalar build],1229,1808,2055183.3196902655,6415542.71460177,1.1224059734513274,1.0
2,base,sieve(10000) [scalar build],1229,1690,2039764.2408284023,6415446.536686391,1.1142603550295858,1.0
3,base,sieve(10000) [scalar build],1229,1815,2041777.955922865,6415432.622038567,1.1153333333333333,1.0
4,base,sieve(10000) [scalar build],1229,1777,2049664.1029825548,6415291.659538548,1.1200112549240293,1.0
5,base,sieve(10000) [scalar build],1229,1790,2039210.3201117318,6415260.753631284,1.1139217877094973,1.0
1,pr1,sieve(10000) [scalar build],1229,1931,1857431.4852408078,6006258.495080269,1.0144743656136717,1.0
2,pr1,sieve(10000) [scalar build],1229,1991,1855611.664992466,6006104.0185836265,1.0139477649422401,1.0
3,pr1,sieve(10000) [scalar build],1229,1990,1855932.6462311558,6006226.204522613,1.0138391959798996,1.0
4,pr1,sieve(10000) [scalar build],1229,1991,1853652.4314414866,6006131.683073833,1.0129532898041185,1.0
5,pr1,sieve(10000) [scalar build],1229,1982,1857086.2421796166,6006182.153380424,1.014510595358224,1.0
1,pr2,sieve(10000) [scalar build],1229,1982,1852927.7588294651,5978773.682643794,1.0121997981836528,1.0
2,pr2,sieve(10000) [scalar build],1229,1958,1855518.6123595505,5979292.341675179,1.0120480081716037,1.0
3,pr2,sieve(10000) [scalar build],1229,1960,1851838.461734694,5978796.113265306,1.0115051020408163,1.0
4,pr2,sieve(10000) [scalar build],1229,1952,1850767.9938524591,5978798.685450819,1.010922131147541,1.0
5,pr2,sieve(10000) [scalar build],1229,1938,1853299.1393188855,5978838.259029928,1.0122445820433437,1.0
1,pr3,sieve(10000) [scalar build],1229,1873,1748843.75280299,5796002.547784303,0.9552269087026162,1.0
2,pr3,sieve(10000) [scalar build],1229,2006,1744392.242771685,5795733.950149551,0.9530059820538385,1.0
3,pr3,sieve(10000) [scalar build],1229,2024,1748976.6946640317,5796358.96986166,0.9540266798418973,1.0
4,pr3,sieve(10000) [scalar build],1229,2124,1749104.9557438795,5796082.169962335,0.9544774011299435,1.0
5,pr3,sieve(10000) [scalar build],1229,2026,1749857.9600197433,5796331.305034551,0.9546100691016781,1.0
1,ub,sieve(10000) [scalar build],1229,2017,1814754.4020823005,5795907.1923648985,0.9910213187902827,1.0
2,ub,sieve(10000) [scalar build],1229,2013,1815377.5538996523,5795870.949329359,0.9916641828117239,1.0
3,ub,sieve(10000) [scalar build],1229,2011,1824967.4142217801,5795816.037792143,0.9969517652909,1.0
4,ub,sieve(10000) [scalar build],1229,1974,1812973.0607902736,5795868.059777102,0.990339412360689,1.0
5,ub,sieve(10000) [scalar build],1229,1976,1818839.8076923077,5795715.490890688,0.9936234817813766,1.0
1,base,tail-call FSM (65536 return_call),-1841735369,254,14543682.381889764,45248057.283464566,7.944291338582677,1.0
2,base,tail-call FSM (65536 return_call),-1841735369,251,14598686.784860557,45248952.22310757,7.975059760956175,1.0
3,base,tail-call FSM (65536 return_call),-1841735369,247,14587713.55465587,45249040.692307696,7.969271255060729,1.0
4,base,tail-call FSM (65536 return_call),-1841735369,252,14548033.087301588,45249783.96428572,7.945833333333333,1.0
5,base,tail-call FSM (65536 return_call),-1841735369,251,14602580.06374502,45248455.66135458,7.976494023904382,1.0
1,pr1,tail-call FSM (65536 return_call),-1841735369,257,14239674.186770428,44200358.16731518,7.777626459143969,1.0
2,pr1,tail-call FSM (65536 return_call),-1841735369,258,14254901.240310077,44199286.515503876,7.788953488372093,1.0
3,pr1,tail-call FSM (65536 return_call),-1841735369,256,14260475.171875,44201001.55078125,7.7890234375,1.0
4,pr1,tail-call FSM (65536 return_call),-1841735369,258,14287481.124031007,44200597.52713178,7.803139534883721,1.0
5,pr1,tail-call FSM (65536 return_call),-1841735369,255,14273389.529411765,44203176.4,7.788235294117647,1.0
1,pr2,tail-call FSM (65536 return_call),-1841735369,264,14080987.348484848,42954813.45454545,7.692575757575757,1.0
2,pr2,tail-call FSM (65536 return_call),-1841735369,263,14100193.292775664,42954923.376425855,7.7034220532319395,1.0
3,pr2,tail-call FSM (65536 return_call),-1841735369,263,14112436.623574145,42955692.70722433,7.707946768060837,1.0
4,pr2,tail-call FSM (65536 return_call),-1841735369,263,14117108.92015209,42955652.0,7.711673003802281,1.0
5,pr2,tail-call FSM (65536 return_call),-1841735369,262,14129994.045801526,42955125.01526718,7.717480916030534,1.0
1,pr3,tail-call FSM (65536 return_call),-1841735369,259,13906884.216216216,42822734.62162162,7.596409266409267,1.0
2,pr3,tail-call FSM (65536 return_call),-1841735369,259,13924574.652509652,42824005.27799228,7.604864864864865,1.0
3,pr3,tail-call FSM (65536 return_call),-1841735369,258,13874334.317829458,42823985.356589146,7.576705426356589,1.0
4,pr3,tail-call FSM (65536 return_call),-1841735369,260,13920064.346153846,42824326.67307692,7.603038461538461,1.0
5,pr3,tail-call FSM (65536 return_call),-1841735369,260,13896390.476923076,42824094.34615385,7.588346153846154,1.0
1,ub,tail-call FSM (65536 return_call),-1841735369,273,13750999.02930403,42430814.787545785,7.510183150183151,1.0
2,ub,tail-call FSM (65536 return_call),-1841735369,268,13737420.697761195,42429649.7238806,7.504738805970149,1.0
3,ub,tail-call FSM (65536 return_call),-1841735369,271,13728967.667896679,42430260.579335794,7.499335793357933,1.0
4,ub,tail-call FSM (65536 return_call),-1841735369,267,13729468.988764046,42429818.72284644,7.500711610486891,1.0
5,ub,tail-call FSM (65536 return_call),-1841735369,267,13738636.146067416,42430433.79775281,7.504794007490637,1.0
1,base,vtable_poly4 (200K),-126115384,28,128787228.53571428,345401729.4285714,70.3575,1.0
2,base,vtable_poly4 (200K),-126115384,28,128456946.82142857,345415782.46428573,70.15928571428572,1.0
3,base,vtable_poly4 (200K),-126115384,28,128285979.42857143,345400798.96428573,70.09714285714286,1.0
4,base,vtable_poly4 (200K),-126115384,28,129156059.5,345410404.60714287,70.53071428571428,1.0
5,base,vtable_poly4 (200K),-126115384,28,128463629.25,345441464.60714287,70.07535714285714,1.0
1,pr1,vtable_poly4 (200K),-126115384,28,128007733.85714285,336397669.1785714,69.83928571428571,1.0
2,pr1,vtable_poly4 (200K),-126115384,29,126269438.0,336381192.20689654,68.96275862068966,1.0
3,pr1,vtable_poly4 (200K),-126115384,28,126355085.92857143,336356690.71428573,69.01071428571429,1.0
4,pr1,vtable_poly4 (200K),-126115384,29,125986389.51724137,336360951.62068963,68.82206896551723,1.0
5,pr1,vtable_poly4 (200K),-126115384,28,126567558.78571428,336357860.4285714,69.15178571428571,1.0
1,pr2,vtable_poly4 (200K),-126115384,29,123445795.5862069,325455588.86206895,67.41275862068966,1.0
2,pr2,vtable_poly4 (200K),-126115384,29,123493107.8275862,325446150.5862069,67.46620689655172,1.0
3,pr2,vtable_poly4 (200K),-126115384,29,122485038.03448276,325457191.55172414,66.89999999999999,1.0
4,pr2,vtable_poly4 (200K),-126115384,26,124648407.3076923,325452791.53846157,68.07692307692308,1.0
5,pr2,vtable_poly4 (200K),-126115384,29,122898822.5862069,325448546.2758621,67.12896551724138,1.0
1,pr3,vtable_poly4 (200K),-126115384,30,120492519.26666667,320746118.2,65.81966666666666,1.0
2,pr3,vtable_poly4 (200K),-126115384,30,120066934.83333333,320749842.1,65.57366666666667,1.0
3,pr3,vtable_poly4 (200K),-126115384,30,121210946.83333333,320739874.1666667,66.20933333333333,1.0
4,pr3,vtable_poly4 (200K),-126115384,30,120064679.7,320751465.2,65.57766666666666,1.0
5,pr3,vtable_poly4 (200K),-126115384,30,120344348.03333333,320741929.1333333,65.73366666666666,1.0
1,ub,vtable_poly4 (200K),-126115384,30,120008603.66666667,318751980.3333333,65.542,1.0
2,ub,vtable_poly4 (200K),-126115384,31,119551370.83870968,318743849.0967742,65.32129032258065,1.0
3,ub,vtable_poly4 (200K),-126115384,30,119608268.96666667,318737326.73333335,65.34533333333333,1.0
4,ub,vtable_poly4 (200K),-126115384,30,119926252.8,318754212.1,65.49666666666667,1.0
5,ub,vtable_poly4 (200K),-126115384,30,120779812.13333334,318748986.1333333,65.97133333333333,1.0
1,base,xmrsplayer (1024-frame buffer),1821690159,80,45956199.9125,119193361.425,25.097875,1.0
2,base,xmrsplayer (1024-frame buffer),1681653048,79,45509478.12658228,119199556.78481013,24.85253164556962,1.0
3,base,xmrsplayer (1024-frame buffer),846043454,81,45517998.790123455,119184787.87654321,24.869876543209877,1.0
4,base,xmrsplayer (1024-frame buffer),212325309,76,47409125.60526316,119213624.0,25.891315789473683,1.0
5,base,xmrsplayer (1024-frame buffer),1821690159,80,45372827.35,119193420.6625,24.781875,1.0
1,pr1,xmrsplayer (1024-frame buffer),-1323583813,84,43573422.98809524,114914231.96428572,23.799761904761905,1.0
2,pr1,xmrsplayer (1024-frame buffer),-1323583813,84,42477438.27380952,114913378.14285715,23.203333333333333,1.0
3,pr1,xmrsplayer (1024-frame buffer),155573075,87,42910511.45977011,114908242.47126436,23.434022988505745,1.0
4,pr1,xmrsplayer (1024-frame buffer),478240825,74,43482623.31081081,114947343.85135135,23.74445945945946,1.0
5,pr1,xmrsplayer (1024-frame buffer),-1612982694,86,42433227.26744186,114907827.79069768,23.179418604651165,1.0
1,pr2,xmrsplayer (1024-frame buffer),1890055750,88,41756546.125,113091608.5909091,22.815454545454546,1.0
2,pr2,xmrsplayer (1024-frame buffer),-1612982694,86,43519930.05813953,113104073.1627907,23.775581395348837,1.0
3,pr2,xmrsplayer (1024-frame buffer),-1464994193,85,43054225.67058823,113116072.36470588,23.510235294117646,1.0
4,pr2,xmrsplayer (1024-frame buffer),-1464994193,85,43982798.21176471,113113068.22352941,24.024235294117645,1.0
5,pr2,xmrsplayer (1024-frame buffer),-1464994193,85,42871395.4117647,113114934.43529412,23.410705882352943,1.0
1,pr3,xmrsplayer (1024-frame buffer),-801489947,92,39473823.85869565,110979304.98913044,21.56804347826087,1.0
2,pr3,xmrsplayer (1024-frame buffer),-1464994193,85,42896269.54117647,111025949.04705882,23.424470588235295,1.0
3,pr3,xmrsplayer (1024-frame buffer),-2074729185,89,40873122.37078652,110992922.4269663,22.321235955056178,1.0
4,pr3,xmrsplayer (1024-frame buffer),1890055750,88,41851170.21590909,110999440.47727273,22.861022727272726,1.0
5,pr3,xmrsplayer (1024-frame buffer),-1885905528,90,41362441.62222222,110988625.06666666,22.589111111111112,1.0
1,ub,xmrsplayer (1024-frame buffer),-1885905528,90,40954534.54444444,110414435.06666666,22.37,1.0
2,ub,xmrsplayer (1024-frame buffer),-1464994193,85,43003921.78823529,110459824.29411764,23.46129411764706,1.0
3,ub,xmrsplayer (1024-frame buffer),-1612982694,86,42702477.31395349,110440638.38372093,23.32139534883721,1.0
4,ub,xmrsplayer (1024-frame buffer),-1612982694,86,42173118.302325584,110443102.81395349,23.034767441860467,1.0
5,ub,xmrsplayer (1024-frame buffer),-1612982694,86,42977904.87209302,110441880.69767442,23.469883720930234,1.0
